Name,RAT,POS,SKI,WF,WR,PAC,SHO,PAS,DRI,DEF,PHY
Robert Lewandowski,91,STCF,4,4,H \ M,75,91,79,86,44,83
Lionel Andrés Messi Cuccittini,91,RWRM,4,4,L \ L,81,89,90,94,34,64
Kylian Mbappé Lottin,91,"STCF,LW",5,4,H \ L,97,89,80,92,36,76
Kevin De Bruyne,91,CMCAM,4,5,H \ H,74,88,93,87,64,77
Karim Benzema,91,CFST,4,4,M \ M,80,88,83,87,39,78
Virgil van Dijk,90,CB,2,3,M \ H,81,60,71,72,91,86
Thibaut Courtois,90,GK,1,3,M \ M,84,89,75,90,46,89
Cristiano Ronaldo dos Santos Aveiro,90,STCF,5,4,H \ L,81,92,78,85,34,75
Manuel Neuer,90,GK,1,4,M \ M,87,88,91,88,56,91
Joshua Kimmich,89,CDMRB,3,4,H \ M,68,72,87,84,83,79
Alisson Ramsés Becker,89,GK,1,3,M \ M,86,85,85,89,54,90
Heung-Min Son,89,LWLM,4,5,H \ M,88,89,82,86,42,69
Ederson,89,GK,1,3,M \ M,87,82,93,88,64,88
Neymar da Silva Santos Junior,89,LWLM,5,5,H \ M,87,83,85,93,37,61
Carlos Henrique Casimiro,89,CDM,2,3,M \ H,63,73,75,72,87,90
Harry Kane,89,STCF,3,5,H \ H,68,91,83,82,47,82
Sadio Mané,89,"LMCF,LW",4,4,H \ M,90,83,80,88,44,77
Keylor Navas,88,GK,1,3,M \ M,89,84,75,89,54,87
ter Stegen,88,GK,1,4,M \ M,86,85,87,90,47,85
oão Pedro Cavaco Cancelo,88,"LBRB,LWB",4,4,H \ M,85,73,85,85,81,73
Rúben Santos Gato Alves Dias,88,CB,2,4,M \ H,63,39,66,68,88,88
Bernardo Mota Veiga de Carvalho e Silva,88,CAMCM,4,3,H \ H,77,78,84,92,61,68
Luka Modric,88,CM,4,4,M \ M,73,76,89,88,72,66
Marquinhos,88,CB,3,3,M \ H,79,56,75,74,89,80
Thomas Müller,87,CAMCF,3,4,H \ H,69,84,83,80,56,71
Fabinho,87,CDMCB,3,2,M \ H,66,69,78,77,86,83
Frenkie de Jong,87,CM,4,3,H \ M,82,69,86,87,77,78
Rodrigo Hernández Cascante,87,CDM,3,4,M \ H,58,72,78,79,83,84
Trent Alexander-Arnold,87,RBRWB,3,4,H \ M,76,69,89,80,80,73
Leon Goretzka,87,CMCDM,3,4,H \ M,78,82,82,83,81,86
Kalidou Koulibaly,87,CB,2,4,M \ H,82,33,59,68,88,85
David De Gea,87,GK,1,3,M \ M,88,80,76,89,51,84
Hugo Lloris,87,GK,1,1,M \ M,88,83,74,88,61,84
Antonio Rüdiger,87,CB,2,3,H \ H,82,53,71,67,86,85
Mike Maignan,87,GK,1,4,M \ M,85,82,85,89,51,85
Kevin Trapp,86,GK,1,4,M \ M,84,82,79,87,46,85
Marcelo Brozovic,86,CDMCM,3,4,M \ M,69,74,81,81,81,78
Christopher Nkunku,86,"CFCAM,ST",5,3,H \ M,88,81,83,88,65,66
Vanja Milinkovi_ Savi_,86,CM,4,5,H \ M,68,80,82,82,79,86
Thiago Emiliano da Silva,86,CB,2,3,M \ H,49,54,73,72,87,76
Bruno Miguel Borges Fernandes,86,CAMCM,4,3,H \ H,72,86,88,81,67,76
Édouard Mendy,86,GK,1,2,M \ M,84,82,81,88,34,85
Lautaro Javier Martínez,86,STCF,4,4,H \ M,83,83,72,85,48,84
Thiago,86,CM,5,3,M \ M,61,72,87,90,72,69
Wojciech Szcz_sny,86,GK,1,3,M \ M,86,81,73,87,49,86
Raheem Sterling,86,"LWLM,RW",4,3,H \ M,90,80,78,86,45,67
Romelu Lukaku,86,STCF,3,4,M \ L,80,85,75,77,38,82
Vinícius José Paixão de Oliveira Júnior,86,LWLM,5,4,H \ M,95,79,74,90,29,67
Paulo Dybala,86,"CFCAM,ST",4,3,H \ L,80,85,85,90,40,59
Aymeric Laporte,86,CB,2,3,M \ M,61,50,72,69,86,79
Kingsley Coman,86,LMLW,5,3,M \ M,92,77,79,87,30,62
Gerard Moreno,85,STCF,3,4,H \ M,78,86,77,83,46,72
Niklas Süle,85,CBRB,3,3,M \ M,71,48,66,59,85,83
Kyle Walker,85,RBRWB,3,2,H \ H,91,63,77,78,80,82
Sergio Busquets,85,CDM,3,3,M \ M,42,62,79,79,82,73
Memphis Depay,85,"CFST,LW",5,3,H \ L,83,84,82,86,30,79
Paul Pogba,85,"CMCDM,LM",5,4,M \ L,67,80,85,85,62,80
Yannick Ferreira Carrasco,85,LMLW,4,4,H \ H,89,82,80,87,53,67
Theo Bernard François Hernández,85,LBLWB,3,3,H \ M,93,72,76,81,78,83
Marcos Javier Acuña,85,LBLWB,3,3,H \ H,76,74,83,87,80,83
Yann Sommer,85,GK,1,4,M \ M,78,81,82,90,50,86
Serge Gnabry,85,RMRW,4,4,H \ M,82,84,79,85,43,69
Ilkay Gündogan,85,CMCDM,4,4,H \ M,64,80,85,85,72,72
Pedro González López,85,CM,4,4,H \ H,79,67,81,87,68,73
Marco Reus,85,"CAMRM,CF",4,4,H \ M,70,84,84,85,53,65
Filip Kosti_,85,"LMLWB,LW",3,2,H \ H,84,78,82,82,68,80
Matthijs de Ligt,85,CB,2,3,M \ H,75,59,61,69,84,87
Jordi Alba Ramos,85,LBLWB,3,3,H \ M,84,70,82,82,77,70
Phil Foden,85,"LWLM,CAM,CF",4,3,H \ H,82,78,81,88,56,60
Stefan de Vrij,84,CB,2,3,M \ H,68,41,65,69,87,79
Éder Gabriel Militão,84,CB,2,3,M \ M,86,50,70,72,85,82
Ferland Mendy,84,LBLWB,4,5,H \ H,93,65,78,79,79,85
Jorge Resurrección Merodio,84,CMCDM,3,4,M \ M,71,73,85,80,79,80
Fikayo Tomori,84,CB,2,4,M \ H,86,40,60,66,86,81
Gregor Kobel,84,GK,1,3,M \ M,85,81,75,89,44,80
Carlos Soler,84,"CMCDM,RM",3,4,M \ M,81,78,84,81,72,73
Cody Gakpo,84,LWLM,4,4,M \ M,88,83,78,85,42,75
Eden Hazard,84,LWLM,4,4,M \ M,83,80,82,87,35,63
Yassine Bounou,84,GK,1,2,M \ M,84,81,76,86,36,84
Cristian Gabriel Romero,84,CB,3,2,M \ H,74,47,58,66,86,83
Jules Koundé,84,CB,2,3,H \ H,84,45,64,74,85,78
Merino,84,CM,3,3,H \ H,74,79,82,83,83,82
Reece James,84,RWBRB,3,3,H \ M,81,70,82,82,80,82
Ivan Peri_ic,84,"LMLWB,LW",4,5,H \ M,78,81,79,82,74,78
Oyarzabal,84,"LWLM,RW",3,3,H \ M,80,83,81,84,41,62
Unai Simón Mendibil,84,GK,1,3,M \ M,83,80,78,86,50,86
Thomas Lemar,84,"CMRM,LM",4,3,H \ H,83,79,84,88,69,65
Luis Alberto Suárez Díaz,84,STCF,3,4,H \ M,70,86,78,78,46,81
Leroy Sané,84,LMLW,4,2,M \ M,88,81,80,85,38,66
Giménez,84,CB,2,3,M \ H,72,47,58,61,86,84
Sergio Ramos,84,CB,3,3,H \ M,61,69,73,70,83,77
Ángel Correa,84,"STRM,CF",4,4,H \ M,86,85,78,88,51,75
Gabriel Fernando de Jesus,84,"STCF,RW",4,3,H \ H,85,83,75,87,41,75
Mason Mount,84,CAMRW,3,4,H \ H,74,81,85,82,55,67
Du_an Vlahovi_,84,STCF,3,3,M \ M,80,85,66,78,28,79
Dries Mertens,84,"CFCAM,ST",4,4,H \ L,83,82,80,88,34,49
Declan Rice,84,CDM,2,3,M \ H,71,64,74,76,82,83
Kasper Schmeichel,84,GK,1,3,M \ M,82,79,80,87,46,82
Antoine Griezmann,84,"STCF,RW",4,3,M \ M,81,83,84,86,53,73
Giorgian Daniel De Arrascaeta Benedetti,84,"CAMRW,LW",3,4,M \ L,83,81,83,84,41,56
Wissam Ben Yedder,84,STCF,4,5,H \ L,81,84,78,88,39,68
Achraf Hakimi,84,RBRWB,4,4,H \ M,92,75,79,80,75,78
Pierre-Emile Højbjerg,84,CDMCM,3,4,H \ H,56,74,78,78,81,83
Ángel Fabián Di María Hernández,84,RWRM,5,2,H \ M,79,79,84,87,48,67
Ronald Araujo,84,CBRB,2,3,M \ H,78,52,66,62,84,84
Weverton,84,GK,1,3,M \ M,82,80,77,89,35,85
Marcos Llorente,84,"CMRB,RM",3,4,H \ M,88,79,81,82,78,81
John Stones,84,CB,3,4,H \ M,73,52,72,76,85,78
Jadon Sancho,84,"LWLM,RW",5,3,H \ M,81,74,81,89,36,59
Du_an Tadi_,84,"LWLM,CAM,CF",4,3,M \ M,68,81,86,84,43,77
Alphonso Davies,84,"LBLWB,LM",4,4,H \ L,94,66,77,85,76,77
Rodrigo Javier De Paul,84,CM,4,3,H \ M,78,77,83,82,75,81
Moussa Diaby,84,"RMLM,RW,LW",4,3,H \ L,93,73,75,87,42,59
Jordan Brian Henderson,84,CMCDM,3,3,H \ H,67,75,84,79,79,82
Raphael Dias Belloli,84,RWRM,4,4,H \ H,92,80,78,86,51,74
Damián Emiliano Martínez,84,GK,1,4,M \ M,85,83,82,85,58,83
Kai Havertz,84,"CAMCF,ST",4,4,M \ M,81,79,79,84,45,66
Piotr Zieli_ski,84,CAMCM,4,5,M \ M,82,77,82,87,71,63
Pau Francisco Torres,84,CB,2,3,M \ H,74,39,68,71,85,82
Fabián,84,CMCDM,4,3,M \ M,62,80,81,84,75,73
Thomas Partey,84,CDMCM,3,3,M \ H,65,71,81,80,80,83
Hakim Ziyech,84,"RWRM,CAM",5,2,H \ H,77,78,88,84,51,66
Raphaël Varane,84,CB,2,4,M \ H,81,49,64,66,85,80
Ousmane Dembélé,84,RWRM,5,5,H \ M,94,78,80,88,37,57
Alejandro Gómez,84,CAMLW,4,4,H \ M,86,78,83,85,39,54
Daniel Carvajal Ramos,84,RBRWB,3,3,H \ M,82,54,77,80,78,79
Kieran Trippier,84,"RBRWB,RM",3,4,M \ M,70,64,82,77,80,72
Canales,84,"RMCM,LM,RW",4,3,H \ M,83,79,85,82,68,71
Rúben Diogo Da Silva Neves,84,CMCDM,3,4,L \ H,59,75,87,78,77,74
Jude Bellingham,84,CMLM,4,4,H \ H,75,75,78,84,77,80
Federico Valverde,84,CM,3,4,H \ H,87,74,79,79,78,80
Jack Grealish,84,"LWLM,CAM",4,3,H \ M,76,76,83,87,46,69
Rafael Alexandre Conceição Leão,84,LWLM,4,4,M \ L,91,77,73,86,27,74
Lucas Hernández,84,CBLB,2,2,M \ M,77,54,70,71,84,80
Koen Casteels,84,GK,1,2,M \ M,84,82,79,86,45,84
Mateo Kovacic,84,CM,4,4,H \ H,70,69,83,88,71,71
Presnel Kimpembe,84,CB,2,3,M \ H,81,44,69,70,84,87
João Félix,84,CFST,5,4,M \ M,83,80,81,88,40,67
Youri Tielemans,84,CMCDM,4,5,M \ M,56,80,86,81,70,73
Gayà,83,"LBLWB,LM",4,3,H \ M,84,62,77,81,79,74
Anthony Lopes,83,GK,1,2,M \ M,85,79,72,87,64,81
Lucas Digne,83,LBLWB,3,2,H \ M,79,70,81,80,78,77
Gonçalo Guedes,83,"STLM,CF",4,4,H \ L,87,84,75,84,39,71
Emre Can,83,"CMCB,CDM",3,4,M \ H,81,79,78,81,83,88
Rui Patrício,83,GK,1,2,M \ M,83,81,78,84,56,81
André Miguel Valente Silva,83,STCF,4,3,M \ M,75,84,71,83,48,79
Aurélien Djani Tchouaméni,83,CMCDM,3,3,M \ H,71,71,80,79,82,83
Tammy Abraham,83,STCF,3,3,H \ M,84,82,67,79,37,81
César Azpilicueta Tanco,83,"CBRWB,RB",2,3,M \ M,65,56,77,73,85,77
Aaron Ramsdale,83,GK,1,3,M \ M,84,78,86,85,49,79
Christian Pulisic,83,"LWLM,RW",4,4,M \ M,88,72,74,87,38,60
Bukayo Saka,83,"RMLM,RW",3,3,H \ M,85,75,79,84,66,66
Arnaut Danjuma,83,"LMST,LW",4,4,H \ M,89,82,76,83,43,69
Christian Dannemann Eriksen,83,CMCAM,4,5,M \ L,62,79,89,81,54,53
Nico Schlotterbeck,83,CB,3,3,H \ H,77,57,67,73,85,79
Raúl Alonso Jiménez Rodríguez,83,STCF,3,4,M \ H,74,82,77,81,48,83
Gerónimo Rulli,83,GK,1,3,M \ M,83,80,81,84,55,82
Sebastián Coates Nión,83,CB,2,3,M \ M,69,50,56,63,85,88
Noussair Mazraoui,83,RBRWB,3,3,H \ L,85,67,78,83,77,75
Olivier Giroud,83,STCF,3,3,M \ M,43,84,73,74,43,79
Raphaël Adelino José Guerreiro,83,"LBLWB,LM",4,2,H \ L,75,78,87,88,76,56
Steven Berghuis,83,CAMRW,4,3,H \ M,81,83,84,83,41,70
Andreas Christensen,83,CB,2,3,L \ M,69,33,67,71,85,75
Darwin Gabriel Núñez Ribeiro,83,"STCF,LW",3,3,H \ H,90,83,69,78,43,87
Ben Chilwell,83,LWBLB,3,3,H \ M,77,61,79,79,79,76
Andrej Kramari?,83,"CFCAM,ST",4,4,M \ M,72,82,80,86,31,73
Ferrán Torres García,83,"LWLM,ST",4,4,H \ M,85,80,80,84,36,68
Otávio,83,"RMLM,RW",4,3,H \ H,79,70,81,86,64,72
Robin Gosens,83,"LWBLB,LM",3,3,H \ M,83,76,75,80,78,81
Denzel Dumfries,83,"RWBRB,RM",2,3,H \ M,84,64,71,74,79,90
Jordan Pickford,83,GK,1,4,M \ M,85,78,88,88,52,81
Lucas Tolentino Coelho de Lima,83,"CAMCM,CF",5,4,H \ H,73,79,80,86,70,79
Idrissa Gana Gueye,83,CDMCM,3,3,M \ H,68,67,73,79,84,77
Julian Brandt,83,"CAMCM,CF",4,4,H \ M,68,79,83,86,49,66
Toby Alderweireld,83,CB,2,3,M \ M,58,56,71,68,86,76
Jonathan Tah,83,CB,2,4,M \ M,68,38,60,62,84,86
Iñigo Martínez,83,CB,2,3,M \ M,72,57,68,62,83,81
André Onana,83,GK,1,3,M \ M,82,81,87,84,62,81
Timo Werner,83,"STCF,LW",3,4,H \ M,91,81,70,83,36,70
Florian Wirtz,83,CAMCM,4,4,H \ M,79,74,81,87,52,61
Raúl Albiol,83,CB,2,3,L \ H,39,42,63,64,86,72
Dani Olmo,83,CAMCF,4,4,M \ H,68,77,82,87,51,61
Antony Matheus dos Santos,83,RWRM,5,3,H \ M,94,75,76,87,40,70
Simon Thorup Kjær,83,CB,2,3,L \ H,63,55,65,61,85,79
Matthias Ginter,83,CB,2,3,H \ M,61,60,72,67,85,80
Juan Musso,82,GK,1,3,M \ M,83,79,74,87,45,83
Lisandro Martínez,82,"CBLB,CDM",3,3,M \ H,73,61,77,78,83,84
André-Frank Zambo Anguissa,82,CDMCM,3,3,M \ L,79,69,72,82,81,85
Nicolás Hernán Otamendi,82,CB,2,3,M \ H,64,58,63,60,84,82
Nick Pope,82,GK,1,3,M \ M,81,83,76,84,50,81
Richarlison de Andrade,82,"STCF,LW",4,5,H \ M,83,80,73,83,54,80
Manuel Obafemi Akanji,82,CB,2,4,M \ M,78,49,71,75,84,79
Képler Laveran Lima Ferreira,82,CB,2,3,M \ H,78,52,61,62,82,88
Jo_ko Gvardiol,82,CBLB,3,4,H \ H,83,55,70,75,81,84
João Moutinho,82,CM,3,4,M \ M,48,72,85,80,72,67
Dayotchanculle Upamecano,82,CB,3,3,H \ M,83,44,62,69,81,82
Nicolás Alejandro Tagliafico,82,LBLWB,3,2,M \ H,81,57,73,76,81,81
José Sá,82,GK,1,2,M \ M,84,79,74,84,53,80
Hirving Rodrigo Lozano Bahena,82,RWRM,4,3,H \ L,94,77,73,83,42,63
Jamal Musiala,82,"CMLM,CAM",4,4,M \ M,76,74,76,88,64,61
Alphonse Areola,82,GK,1,3,M \ M,86,80,76,85,56,79
Jan Vertonghen,82,CB,3,3,M \ M,70,63,73,68,84,79
Denis Lemi Zakaria Lako Lado,82,CDMCM,3,3,H \ H,83,65,74,78,81,86
Rodrygo Silva de Goes,82,RWRM,4,4,M \ M,89,77,75,85,33,57
Jonas Hofmann,82,"CAMRM,LM",3,4,H \ H,74,77,81,81,65,73
Kalvin Phillips,82,CDMCM,3,3,M \ H,67,66,78,77,80,83
Lucas Torreira,82,CDMCM,3,3,M \ H,73,71,77,81,79,77
Pablo Sarabia,82,"RWRM,CAM,LW",4,4,H \ M,74,77,83,83,58,60
Ricardo Jorge Luz Horta,82,"CFST,LW",3,3,H \ H,80,83,80,81,44,71
Harry Maguire,82,CB,2,3,H \ M,49,58,69,68,81,85
David Raum,82,"LWBLB,LM",3,2,H \ M,88,60,78,79,72,78
Gareth Frank Bale,82,RWRM,4,3,M \ M,81,85,82,80,56,70
Ibrahima Konaté,82,CB,3,2,M \ H,79,35,58,68,83,81
Thomas Delaney,82,CDMCM,2,4,L \ H,73,72,75,74,83,82
Edinson Roberto Cavani Gómez,82,STCF,3,4,H \ H,62,84,69,73,52,74
Bruno Guimarães Rodriguez Moura,82,CMCDM,3,2,H \ H,70,68,80,82,77,78
João Maria Lobo Alves Palhinha Gonçalves,82,CDMCM,2,4,M \ H,64,66,71,73,83,90
Giovani Lo Celso,82,"CMCAM,ST",4,3,H \ M,72,76,84,85,69,73
Mario Pa_alic,82,"CAMCM,CF",4,4,M \ M,76,80,77,81,68,78
Lucas Ocampos,82,"LWLM,RW",4,3,H \ H,81,82,78,83,63,84
Pedro Porro,82,"RWBRB,RM",3,3,H \ M,83,72,76,81,76,79
Jesús Corona,82,"RWRM,LW",5,5,M \ M,83,66,81,87,74,68
Mario Götze,82,"CAMCM,ST",4,4,M \ M,68,75,84,85,56,68
James Ward-Prowse,82,CM,3,3,H \ H,60,75,87,79,68,74
Mehdi Taremi,82,STCF,4,4,M \ M,78,81,75,82,39,73
Guido Rodríguez,82,CDM,2,4,M \ H,52,58,72,69,85,78
Anthony Martial,81,"STLM,CF",4,4,L \ L,84,80,73,85,36,67
Manuel Lanzini,81,CAMCM,4,3,M \ M,71,75,81,84,42,56
Luke Shaw,81,LBLWB,3,2,M \ M,77,55,79,79,80,79
Pedro Guilherme Abreu dos Santos,81,STCF,2,4,M \ L,71,83,63,78,42,70
Danilo Pereira,81,CDMCM,3,3,M \ H,57,64,71,72,80,86
Ellyes Joris Skhiri,81,CDMCM,3,3,M \ H,69,73,73,77,81,77
Luka Jovi_,81,STCF,3,5,M \ M,76,80,69,80,30,76
Sérgio Oliveira,81,CM,3,4,M \ M,60,79,84,78,72,72
Nordi Mukiele,81,"RWBRB,CB",3,3,M \ H,80,50,69,74,82,82
Pablo Martín Páez Gavira,81,"CMRW,LW",3,3,H \ H,78,65,79,85,65,69
Joaquín Correa,81,CFST,4,4,M \ M,85,76,77,85,40,70
Thorgan Hazard,81,"LMCF,LW",4,4,H \ H,78,77,80,84,54,66
Francisco Guillermo Ochoa Magaña,81,GK,1,3,M \ M,83,74,71,85,51,82
Pervis Josué Estupiñán Tenorio,81,LBLWB,3,3,H \ M,83,47,70,74,77,78
Reguilón,81,LWBLB,3,3,H \ M,84,58,75,79,78,70
Jonas Omlin,81,GK,1,4,M \ M,82,77,74,84,53,78
Nikola Milenkovi_,81,CB,2,3,M \ H,65,46,63,63,82,84
José Fonte,81,CB,2,3,M \ H,32,47,63,63,83,81
Alex Sandro Lobo Silva,81,LBLWB,3,3,H \ M,77,66,74,79,77,79
Januzaj,81,"RWRM,LW",4,4,M \ L,79,74,81,85,31,58
Dominik Livakovi_,81,GK,1,2,M \ M,81,77,72,85,57,78
Sardar Azmoun,81,"STCAM,CF",3,4,M \ L,79,78,71,79,41,74
Conor Coady,81,CB,2,3,L \ H,49,58,76,68,81,75
Ridle Baku,81,"RMRB,CM,RW",3,4,H \ M,83,74,74,82,71,79
Danilo Luiz da Silva,81,RBRWB,3,4,M \ H,73,68,74,75,82,80
Granit Xhaka,81,CDMCM,3,2,L \ M,50,65,80,71,71,82
Conor Gallagher,81,CM,3,2,H \ H,76,77,77,80,68,76
Kurt Zouma,81,CB,2,3,M \ M,63,52,63,57,81,85
Adrien Rabiot,81,CMLM,3,3,M \ M,76,74,77,80,77,80
Jordan Veretout,81,CDMCM,3,3,M \ M,77,76,78,80,78,81
Marten de Roon,81,"CDMCB,CM",3,3,M \ H,71,69,71,72,83,84
Wout Weghorst,81,STCF,2,3,H \ H,62,79,61,71,53,87
Hans Vanaken,81,CMCAM,4,5,H \ M,45,80,82,77,60,75
Luuk de Jong,81,STCF,3,5,M \ M,50,80,72,72,47,79
Mark Flekken,81,GK,1,4,M \ M,81,77,82,83,32,80
Mattéo Guendouzi,81,CMCDM,4,3,M \ H,74,67,80,78,78,81
Remo Freuler,81,CMCDM,4,3,M \ M,69,72,76,79,76,75
Jonathan David,81,STCF,3,5,H \ H,85,81,72,79,34,73
Vítor Machado Ferreira,81,CMCAM,3,3,H \ H,75,69,81,85,68,57
Adama Traoré,81,"RWRM,LW",4,2,H \ L,97,67,70,88,39,84
Rodrigo Bentancur Colmán,81,CM,4,4,M \ M,69,63,81,82,79,79
Christian Günter,81,"LBLWB,LM",3,2,H \ M,81,59,72,72,76,83
de Barros Ribeiro,81,"RWRM,CAM",5,3,H \ M,82,77,81,85,49,53
Agustín Marchesín,81,GK,1,3,M \ M,82,79,77,82,55,81
Djibril Sow,81,CMCDM,3,4,M \ H,78,70,78,79,78,80
Pablo Fornals,81,CAMLM,4,3,H \ H,69,76,81,81,70,72
Alex Nicolao Telles,81,LBLWB,3,2,H \ L,80,75,82,78,76,72
Axel Witsel,81,CDMCM,3,4,L \ M,35,64,80,77,80,76
William Silva de Carvalho,81,CDM,3,4,M \ M,36,66,78,74,76,85
Tyrell Malacia,81,LBLWB,3,3,H \ M,87,57,67,79,78,78
Youssouf Fofana,81,CDMCM,3,3,M \ H,69,68,76,78,77,79
Nuno Mendes,81,LBLWB,3,4,H \ M,90,58,74,79,75,74
Matz Sels,81,GK,1,2,M \ M,79,80,76,82,37,82
William Saliba,81,CB,2,3,M \ H,79,40,68,72,81,80
Takehiro Tomiyasu,81,RBRWB,2,5,M \ H,76,34,68,73,81,81
Ryan Gravenberch,81,CM,4,4,M \ M,79,77,80,85,69,74
Daichi Kamada,81,CAMCF,3,4,M \ M,75,69,80,84,47,62
Álvaro Borja Morata Martín,81,STCF,3,4,M \ M,81,79,73,79,32,78
Youssef En-Nesyri,81,STCF,3,3,H \ H,79,81,60,75,36,77
Donyell Malen,81,"STLM,CF",4,4,M \ M,90,80,73,85,36,75
Matheus Luiz Nunes,81,CM,3,3,H \ M,84,72,75,84,75,78
Juan Foyth,81,"RBRWB,CB,CDM",3,3,M \ H,74,47,70,74,81,79
Nayef Aguerd,81,CB,2,3,M \ M,74,51,65,66,81,78
Diogo Meireles Costa,81,GK,1,2,M \ M,78,77,74,85,33,80
Gonzalo Montiel,81,RBRWB,3,3,H \ M,85,61,71,77,77,83
Héctor Miguel Herrera López,81,CM,3,4,M \ M,67,76,77,77,77,83
Simon Mignolet,81,GK,1,3,M \ M,81,75,75,86,52,84
Matty Cash,81,RBRWB,3,2,H \ M,82,68,72,77,76,78
Daniel Wass,81,"CMRB,RM",3,3,M \ M,75,78,82,78,76,77
Emiliano Buendía,81,"RMCAM,RW",4,4,H \ H,72,75,82,84,67,71
Arkadiusz Milik,81,STCF,3,3,M \ M,63,84,70,76,40,71
Min Jae Kim,81,CB,2,3,M \ H,82,34,58,64,81,86
Ben White,81,CB,2,4,H \ M,72,30,68,74,83,78
Steve Mandanda,81,GK,1,2,M \ M,79,81,75,83,50,79
Frederico Rodrigues Santos,81,CMCDM,4,3,H \ H,77,68,80,82,76,72
Teun Koopmeiners,81,CMCDM,3,2,M \ M,71,73,81,77,77,78
Edson Omar Álvarez Velázquez,81,CDMCM,2,3,L \ H,72,58,68,70,83,87
Nemanja Gudelj,81,CDMCB,3,2,L \ M,55,71,80,71,76,86
Franco Armani,81,GK,1,3,M \ M,80,76,70,87,44,82
Davy Klaassen,81,CAMCM,3,3,H \ H,70,82,76,78,74,79
Tanguy Ndombele,81,"CMCDM,CAM",4,3,L \ L,68,72,81,87,69,70
Leandro Daniel Paredes,81,CDMCM,4,4,M \ M,65,72,83,79,77,79
Mauro Arambarri,81,CDMCM,3,3,M \ M,62,65,74,74,79,78
Justin Bijlow,81,GK,1,2,M \ M,84,77,79,82,59,78
João Mário Naval da Costa Eduardo,81,CM,3,4,M \ L,72,70,83,84,66,68
Nicolás González,81,"RWRM,LW",4,2,H \ M,88,74,74,84,46,65
Alfredo Talavera,81,GK,1,4,M \ M,82,84,69,82,59,80
Benjamin Pavard,81,"RBRWB,CB",3,3,M \ H,68,56,73,73,82,80
Eric Dier,81,CB,2,2,M \ H,55,65,71,66,81,85
Ben Davies,81,"CBLB,LWB",3,3,M \ M,69,59,73,74,82,76
Leandro Trossard,81,"LMCAM,ST,LW",4,4,H \ M,84,80,78,83,31,63
Jasper Cillessen,81,GK,1,3,M \ M,81,80,79,77,55,81
Munir,81,"LWLM,RW,ST",4,3,H \ L,79,80,77,84,36,65
Dominic Calvert-Lewin,81,STCF,3,2,H \ M,82,78,65,77,40,81
Marko Dmitrovi?,81,GK,1,2,M \ M,78,80,79,82,38,81
Fernando Muslera,81,GK,1,2,M \ M,78,82,73,79,52,84
Lovro Majer,81,CM,4,3,H \ M,70,74,82,84,61,68
Daley Blind,81,"CBLB,CDM",3,3,M \ M,43,63,83,80,82,71
Weston McKennie,81,CMLM,3,3,H \ H,83,75,77,81,79,84
Nélson Semedo,81,RWBRB,4,3,H \ M,84,58,70,81,76,75
Renato Sanches,81,CMRM,4,4,H \ H,84,75,78,85,73,85
Josip Brekalo,81,"CFLM,ST",4,4,H \ L,83,78,77,86,39,57
Steven Bergwijn,81,"LWLM,RW",4,2,H \ M,87,79,76,84,43,71
Boulaye Dia,81,"STCF,RW",3,3,H \ M,85,80,63,78,28,78
Rui Silva,81,GK,1,3,M \ M,82,77,76,84,32,83
Dean Henderson,81,GK,1,3,M \ M,82,80,78,84,56,77
Nemanja Maksimovi_,81,CMCDM,3,3,H \ H,53,73,77,76,78,79
Jurriën Timber,81,CBRB,3,3,H \ M,83,48,68,78,82,82
Agustín Rossi,81,GK,1,2,M \ M,82,78,73,82,42,81
Germán Alejandro Pezzella,80,CB,2,3,M \ M,53,51,51,59,82,74
Ritsu Doan,80,"RMCAM,RW",4,3,M \ M,82,74,76,84,42,61
Maximiliano Meza,80,"RWRM,LM,CAM",4,4,M \ M,83,75,78,83,50,76
Predrag Rajkovi_,80,GK,1,2,M \ M,79,78,75,83,26,81
Gabriel Teodoro Martinelli Silva,80,LMLW,4,3,H \ H,89,73,70,82,46,69
Brais Méndez,80,RMRW,4,3,M \ M,72,76,80,78,58,66
Alexis Saelemaekers,80,RWRM,3,4,H \ H,83,69,78,83,65,69
Diego Roberto Godín Leal,80,CB,2,3,M \ H,57,50,64,64,79,80
Robert Sanchéz,80,GK,1,4,M \ M,81,78,73,83,47,80
Nikola Vlasic,80,"LMCAM,LW",3,5,H \ M,81,78,77,83,48,70
Breel-Donald Embolo,80,"STCAM,CF",3,4,M \ M,87,78,72,77,53,85
Sergio Rochet,80,GK,1,3,M \ M,82,80,68,82,50,78
Jonathan Rodríguez,80,"STLM,CF",4,3,H \ M,91,79,68,83,39,80
Junya Ito,80,"RWRM,CF",4,4,H \ M,91,73,75,80,59,71
Mathías Olivera Miramontes,80,LBLWB,3,3,H \ M,77,52,68,74,77,79
Andrija _ivkovi_,80,"RWRM,LW",4,3,H \ M,83,76,77,84,57,63
Nicolás De la Cruz,80,"CMRM,CAM",4,4,H \ H,86,77,80,84,71,71
Eduardo Salvio,80,RWRM,5,4,H \ M,85,76,75,84,56,68
Clément Lenglet,80,CB,2,4,M \ M,70,46,70,66,79,78
Brahim Díaz,80,CAM,4,5,H \ M,80,71,78,84,31,51
Lucas Alario,80,STCF,3,3,H \ M,68,80,59,76,31,77
Mislav Or_i_,80,"LWLM,ST",3,4,H \ H,91,82,74,78,58,63
Lukas Nmecha,80,STCF,3,4,M \ L,84,79,67,79,41,79
Alves da Silva,80,RBRWB,4,3,H \ M,71,73,83,81,74,64
Jesse Lingard,80,CAM,4,3,H \ M,77,79,75,81,58,66
Grzegorz Krychowiak,80,CDMCM,3,3,H \ H,51,76,74,70,77,80
Ismaïla Sarr,80,RMRW,4,2,H \ M,95,79,70,83,24,69
Sa_a Luki_,80,CM,3,3,M \ M,63,70,80,81,71,75
Mathew Ryan,80,GK,1,4,M \ M,80,78,83,82,54,78
Wataru Endo,80,CMCDM,3,4,M \ H,69,65,72,80,79,77
De Ketelaere,80,"STCF,LW",4,4,H \ H,77,78,77,83,58,75
Manuel Ugarte,80,CMCDM,3,3,H \ H,75,65,74,80,75,79
Daniel James,80,"RMLM,RW,ST",3,4,H \ H,96,73,72,79,49,70
Marko Livaja,80,"CFST,LW",4,5,M \ L,81,80,73,82,40,84
Dennis Praet,80,"CAMCM,CF",4,4,M \ M,68,74,80,81,64,67
Habib Diallo,80,STCF,3,3,M \ L,74,79,61,75,25,76
Sofiane Boufal,80,"CFLM,ST",4,4,M \ L,82,74,77,86,32,59
Noa Lang,80,"LWLM,RW,ST",4,3,H \ M,88,75,74,85,51,68
Aleksandar Mitrovi_,80,STCF,3,4,H \ M,66,81,58,73,28,88
Joseph Aidoo,80,CB,2,2,M \ H,77,28,49,52,78,89
Kevin Mbabu,80,RBRWB,3,3,H \ M,86,53,68,74,76,83
Borna Sosa,80,"LBLWB,LM",3,2,H \ L,81,54,78,80,74,72
Fabian Lukas Schär,80,CB,2,3,H \ M,54,69,72,70,81,77
Brooks,80,CB,2,3,M \ M,60,41,59,63,81,78
Karl Brillant Toko Ekambi,80,LMLW,3,4,H \ L,85,80,74,78,26,69
Sergiño Dest,80,"RBRWB,LB,RM",4,4,H \ L,89,61,76,83,72,69
Bryan Gil Salvatierra,80,"LMRM,LW",3,3,H \ M,80,72,77,85,33,37
Thomas Meunier,80,"RBRWB,RM",3,4,H \ M,75,75,75,74,76,83
Romain Saïss,80,CBCDM,3,3,M \ H,64,58,72,69,80,82
Tyrone Mings,80,CB,3,2,H \ M,73,45,68,68,80,82
Bryan Ruiz,80,CAMRM,4,2,M \ M,65,77,80,84,49,56
Ollie Watkins,80,"STCF,LW",3,4,H \ H,86,78,69,76,47,79
Lucas Boyé,80,STCF,4,2,H \ L,73,81,66,81,51,83
Nathan Aké,80,CBLB,2,3,M \ H,78,54,71,72,81,77
Rodrigo Moreno Machado,80,"CAMCM,ST",4,3,H \ M,80,80,79,81,47,71
Timothy Castagne,80,"RBRWB,LB",3,3,H \ M,78,59,72,77,77,75
Alfred Gomis,80,GK,1,3,M \ M,80,79,73,79,44,79
José Diogo Dalot Teixeira,80,RBRWB,3,4,H \ M,81,61,74,80,75,79
Kouyaté,80,"CDMCB,CM",3,3,H \ H,62,66,66,72,81,86
Andrés Guardado,80,CDM,3,2,M \ M,63,70,81,81,74,71
Exequiel Palacios,80,"CDMCM,CAM",3,4,H \ H,67,74,78,80,76,74
Salem Mohammed Al Dawsari,80,"LWLM,RW",4,5,H \ H,87,76,72,84,54,81
Duje Caleta-Car,80,CB,2,3,M \ H,61,40,60,64,81,83
Acevedo,80,GK,1,3,M \ M,85,74,69,85,64,79
Abdou Diallo,80,CBLB,3,3,M \ M,75,41,73,77,80,79
Matt Turner,80,GK,1,2,M \ M,79,78,69,80,40,82
Giovanni Reyna,80,"CAMRM,LM",4,2,M \ M,81,74,77,85,38,73
Wout Faes,80,CB,2,3,M \ M,62,40,57,61,81,80
Julián Álvarez,80,"STCF,RW,LW",4,4,H \ H,78,82,77,85,56,77
Silvan Widmer,80,"RWBRB,CB",3,3,H \ M,81,64,74,77,75,82
Nahuel Molina Lucero,80,"RWBRB,RM",2,3,H \ H,84,68,72,78,73,71
Piero Hincapié,80,"LBCB,LWB",3,2,M \ M,85,40,65,73,80,76
Denayer,80,CB,2,3,M \ M,74,45,68,71,81,80
Lovren,80,CB,2,4,M \ H,55,41,60,64,82,79
Campbell,80,"STRM,CF",4,2,H \ M,77,80,77,81,44,77
Patrick Bamford,80,STCF,3,3,H \ H,84,80,69,75,43,79
Giovanni Simeone,80,STCF,3,4,H \ H,79,81,65,77,42,78
Gonzalo Plata,80,RMRW,4,3,H \ L,91,72,73,85,45,66
Alexander Hartmann Bah,80,"RBRWB,RM",3,3,H \ H,93,65,69,75,74,83
Kasper Dolberg,80,STCF,3,4,H \ M,74,83,69,79,32,71
Maximiliano Gómez,80,STCF,3,3,H \ L,65,80,69,75,33,84
Hee-Chan Hwang,80,"LWLM,ST",3,4,H \ M,84,78,73,81,30,72
Zack Steffen,80,GK,1,3,M \ M,82,77,77,85,55,75
Milan Borjan,80,GK,1,2,M \ M,81,77,77,81,46,77
Mena,80,CAMRM,4,4,H \ M,84,77,75,85,47,51
Matías Vecino Falero,80,CMCDM,3,3,H \ M,65,73,77,79,77,79
Domingos Duarte,80,CBLB,2,3,M \ M,55,37,60,56,82,81
Rasmus Nissen Kristensen,80,RBRWB,3,4,H \ H,83,69,73,75,76,84
Darko Lazovi_,80,LMLW,3,3,M \ M,88,72,77,81,67,65
Joachim Andersen,80,CB,2,3,M \ M,55,52,70,67,80,83
Ernesto Alexis Vega Rojas,80,"LWLM,ST",3,3,M \ L,83,78,78,83,34,76
Damián Suárez,80,RBRWB,3,3,H \ M,72,71,74,76,78,78
Yussuf Poulsen,80,STCF,3,3,M \ H,81,74,69,77,58,85
Michy Batshuayi Tunga,80,STCF,4,5,H \ M,77,81,61,79,35,76
Alexander Djiku,80,CB,2,3,L \ H,72,44,68,72,79,84
César Jasib Montes Castro,80,CB,2,3,M \ H,65,46,65,68,81,81
Nico Elvedi,80,CB,2,3,L \ M,73,41,66,71,81,81
Moussa Sissoko,80,CDMCM,3,3,M \ H,72,63,75,78,77,88
Jorge Eduardo Sánchez Ramos,79,RBRWB,2,4,M \ H,93,52,66,78,74,83
Pape Gueye,79,CDMCM,2,3,M \ H,65,50,69,73,76,82
Sam Johnstone,79,GK,1,3,M \ M,81,76,71,81,45,78
Jan Bednarek,79,CB,2,2,M \ H,51,24,55,58,80,81
Junior Sornoza,79,CAMCF,3,3,M \ M,75,77,78,79,43,50
Luka Ivanu_ec,79,"CAMRM,CM",4,4,H \ M,86,74,75,85,61,75
Jens Stryger Larsen,79,"RBRWB,LWB",3,3,H \ H,81,63,74,77,74,79
Rogic,79,CMCAM,4,4,H \ M,74,73,78,84,61,77
Craig Goodwin,79,"LMRM,LW",3,3,H \ M,88,74,73,78,61,78
Aaron Ramsey,79,CMCAM,3,3,M \ M,54,73,81,82,67,65
Connor Roberts,79,RBRWB,3,4,H \ M,82,57,69,73,73,78
Hidemasa Morita,79,CMCDM,2,2,M \ M,70,66,77,78,74,76
Andreas Skov Olsen,79,"RMCAM,RW",4,4,M \ L,89,77,72,79,41,70
Keysher Fuller,79,"RBRWB,RM",3,3,H \ M,66,30,57,62,79,66
Ayew,79,"STCF,RW",4,3,H \ M,73,80,75,81,60,78
Rogelio Gabriel Funes Mori,79,STCF,4,4,H \ M,79,79,71,78,50,83
Naïm Sliti,79,LMLW,4,3,M \ M,76,75,75,83,36,70
Thilo Kehrer,79,CBRB,2,5,M \ M,78,46,67,69,79,81
Nicolás Domínguez,79,CMCDM,3,5,H \ H,78,68,75,79,74,80
Castillo,79,"RBRWB,RM",3,2,H \ M,90,65,68,74,74,69
Stephen Antunes Eustáquio,79,CDMCM,2,3,M \ M,68,63,78,75,75,75
Salman Al Faraj,79,"CMCDM,CAM",3,3,M \ M,61,69,82,79,70,73
Luis Romo,79,CMCDM,3,4,M \ M,71,70,75,72,74,85
Leandro Cabrera,79,CBLB,2,2,L \ H,62,49,60,60,79,87
Borges,79,CDMCM,3,4,H \ M,53,74,74,72,77,76
Léo Dubois,79,RBRWB,3,4,H \ M,73,60,76,75,77,74
Orel Mangala,79,CMCDM,3,3,M \ M,68,57,75,86,73,76
Walker Zimmerman,79,CB,2,3,M \ M,60,52,57,59,77,87
Adam Buksa,79,STCF,3,4,M \ L,71,78,60,74,34,80
Sofyan Amrabat,79,CDMCM,3,2,L \ H,70,73,73,78,76,81
Dedryck Boyata,79,CB,2,3,M \ H,71,32,55,61,80,80
Wahbi Khazri,79,CFST,4,4,H \ H,73,82,78,80,45,73
Brennan Johnson,79,"RWRM,ST",3,4,H \ L,92,76,71,80,44,60
Jean-Eric Maxim Choupo-Moting,79,"STLM,CF",3,4,H \ M,67,77,71,82,41,73
Tarik Tissoudali,79,CFST,4,4,H \ H,79,76,70,85,29,67
Jesper Lindstrøm,79,CAMCF,3,3,H \ M,89,74,73,82,51,66
Jordan Ayew,79,"RWRM,ST",4,3,M \ H,78,77,73,81,58,76
Haris Seferovi_,79,STCF,3,2,H \ M,74,79,69,74,49,86
Henry Josué Martín Mex,79,STCF,3,3,H \ L,80,77,66,77,40,85
Jeffrey Schlupp,79,"LMCM,LW",3,2,M \ M,87,74,72,79,73,76
Shoya Nakajima,79,"CAMRW,LW",4,4,H \ L,88,74,74,85,39,49
Krzysztof Pi_tek,79,STCF,3,3,M \ M,76,80,57,76,39,75
Yuto Nagatomo,79,LBLWB,2,4,H \ H,76,53,69,75,77,71
Divock Origi,79,"STCF,LW",4,4,H \ M,82,78,69,78,29,76
Harry Wilson,79,"RMCAM,RW",3,2,H \ L,80,81,79,79,47,60
Mohammed Kudus,79,CAMCM,4,3,M \ M,90,74,73,83,61,76
Przemys_aw Frankowski,79,"LWBRWB,LB",3,3,H \ M,93,72,74,77,68,75
Nehuén Pérez,79,CB,2,3,M \ H,61,28,50,55,81,78
Léandre Tawamba,79,STCF,3,3,H \ L,68,79,59,74,27,86
Xherdan Shaqiri,79,CAMRM,5,4,M \ L,72,78,82,82,47,64
Frederik Rønnow,79,GK,1,2,M \ M,81,75,71,82,50,77
Luís Carlos Novo Neto,79,CB,2,3,L \ H,67,39,57,59,81,76
Andrada,79,GK,1,3,M \ M,77,80,73,80,50,80
Gonçalo Matias Ramos,79,STCF,2,4,H \ M,81,77,67,78,43,84
Vincent Paté Aboubakar,79,STCF,4,4,H \ M,77,78,74,79,39,85
?ukasz Skorupski,79,GK,1,2,M \ M,81,76,61,84,53,77
Jérémy Doku,79,RWRM,4,3,H \ M,93,69,70,84,28,67
Damián Díaz,79,CAM,4,4,H \ M,75,75,80,81,47,71
Diego Llorente,79,CB,2,3,M \ H,70,42,65,71,78,81
Thomas Foket,79,RBRWB,3,3,M \ M,76,60,72,75,75,80
Enner Remberto Valencia Lastra,79,"STCF,RW,LW",4,3,H \ H,91,78,70,78,50,82
Sakai,79,"RBRWB,LB",2,2,M \ M,78,56,71,71,76,79
Noah Okafor,79,"STLM,CAM,CF",4,4,H \ M,94,77,71,79,34,79
Felix Torres,79,CB,2,3,M \ H,74,39,54,64,80,80
Cota,79,GK,1,2,M \ M,78,73,69,82,60,82
Kristijan Jaki?,79,CDMCM,2,3,M \ H,66,64,68,72,76,85
Fayçal Fajr,79,"CMCDM,CAM",3,4,H \ M,63,76,82,80,68,72
Shin Wook Kim,79,STCF,3,4,H \ L,63,79,64,71,43,87
Steven Zuber,79,LWLM,3,4,H \ M,81,77,77,80,70,76
Sebastián Sosa,79,GK,1,3,M \ M,78,73,73,82,54,82
Joakim Mæhle,79,"RWBRB,RM,LM",3,3,M \ M,88,58,71,75,71,81
Gorriarán,79,CMCDM,3,4,H \ H,78,72,78,80,75,77
Ante Budimir,79,STCF,3,4,M \ H,65,79,51,75,37,79
Ivan Ili_,79,CMCF,3,3,H \ M,79,73,79,81,71,74
Josip Juranovi_,79,"RBRWB,LB",2,4,H \ H,90,67,76,78,74,72
Orbelín Pineda,79,"LMRM,CM,LW",3,4,H \ M,84,77,75,82,64,68
Carlos Alberto Rodríguez Gómez,79,CAMCM,3,3,H \ H,80,70,76,81,68,69
Yvon Mvogo,79,GK,1,3,M \ M,79,76,78,80,45,77
Lovre Kalini_,79,GK,1,2,M \ M,83,75,56,82,41,79
Karim Afif,79,"LWLM,CAM,CF",4,4,H \ M,90,74,75,80,34,56
Josip _utalo,79,CB,2,3,M \ H,82,32,61,71,80,81
Córdova,79,CM,4,5,M \ M,80,74,77,82,58,70
Tyler Adams,79,"CDMRWB,CM",3,3,H \ H,82,50,72,76,76,79
Brandon Mechele,79,CB,2,4,M \ H,62,40,52,57,83,79
Karim Adeyemi,79,STCF,4,3,H \ M,94,80,69,82,27,74
Jesús Daniel Gallardo Vasconcelos,79,"LBLWB,LM,LW",3,3,H \ L,87,70,73,79,73,78
Mikkel Damsgaard,79,LMLW,4,3,H \ L,87,71,74,84,50,64
Ruben Vargas,79,"LMRM,LW",4,4,H \ M,93,73,71,83,57,67
Facundo Medina,79,CB,2,2,M \ M,76,35,62,72,79,79
Diego Rossi,79,LMLW,4,3,H \ M,87,75,74,80,35,56
Youssouf Sabaly,79,"RBRWB,RM",3,3,M \ M,80,48,66,74,76,73
Bartlomiej Dragowski,79,GK,1,2,M \ M,82,76,73,80,47,77
Tiago Djaló,79,"CBRB,LB",2,3,M \ H,84,45,63,67,80,81
Michel Aebischer,79,CM,3,4,M \ H,75,68,79,79,68,78
Kyogo Furuhashi,79,"STCF,LW",3,4,H \ H,91,79,71,77,50,70
Pawe? Dawidowicz,79,CB,2,4,M \ M,66,51,66,69,80,81
Cristian Roldan,79,"RMCM,CF,RW",3,4,H \ H,78,73,76,79,73,83
Matias Viña,79,"LWBLB,LM",2,3,H \ M,85,65,73,78,72,72
Ferjani Sassi,79,CMCDM,3,3,M \ M,71,73,76,78,72,76
Domagoj Vida,79,CB,2,3,M \ H,77,42,60,62,81,84
Érick Gutiérrez,79,CMCDM,3,2,M \ M,71,73,78,78,71,72
Martin Braithwaite Christensen,79,"STCF,LW",4,4,M \ M,82,79,74,81,37,77
López,79,"STRM,CF",3,3,H \ M,82,81,74,82,28,71
Martínez Quarta,79,CB,3,3,M \ M,67,58,71,73,78,81
Danny Ward,79,GK,1,3,M \ M,79,77,70,80,48,78
Bruno Petkovi_,79,"STCAM,CF",4,4,M \ M,78,76,79,83,42,79
Marko Gruji_,79,CMCDM,3,3,M \ M,64,73,74,80,75,83
Victor Nelsson,79,CB,2,3,M \ H,75,46,65,68,78,87
Renato Steffen,79,"LMRM,LW",3,3,H \ M,88,74,74,82,56,68
Albert Sambi Lokonga,79,CMCDM,3,3,M \ M,70,61,79,82,72,73
Jannik Vestergaard,79,CB,2,4,M \ M,36,51,64,53,79,81
Ui-Jo Hwang,79,"STCF,LW",3,4,H \ M,81,82,68,77,45,78
Kamaldeen Sulemana,79,"LWLM,ST",4,4,H \ M,94,73,70,84,31,65
Eric García Martret,79,CB,2,3,M \ M,65,46,73,71,80,74
Filip _uri_i_,79,CAMLW,4,4,H \ L,76,73,78,82,45,63
Carlos Uriel Antuna Romero,79,"RMLM,RW",3,3,M \ M,93,76,68,82,34,56
Ko Itakura,79,CBCDM,3,4,M \ M,78,48,62,71,81,80
Nacer Chadli,79,LMLW,4,4,H \ M,78,79,78,81,59,77
Soufiane Rahimi,79,"LMST,LW",4,4,H \ M,89,77,74,78,41,68
Taarabt,79,CMCAM,4,4,M \ M,70,72,79,87,67,73
Michael Ngadeu,79,CB,2,5,M \ H,64,47,59,65,78,87
Benoît Costil,79,GK,1,3,M \ M,77,78,78,79,52,80
Jawad El Yamiq,79,CB,2,3,M \ M,87,51,55,66,78,84
Araújo,79,CB,2,3,L \ M,68,44,60,62,79,81
Leander Dendoncker,79,CMCB,2,4,H \ H,64,71,79,74,79,84
Uro_ Racic,79,CMCDM,3,4,M \ M,66,76,78,76,79,84
Szymon ?urkowski,79,CM,3,3,H \ H,85,75,76,80,73,83
Daniel Amartey,79,CBCDM,3,3,M \ H,66,57,67,72,79,79
Anders Christiansen,79,CMCAM,4,3,M \ M,79,76,77,81,68,77
Santiago Giménez,79,STCF,2,3,M \ M,78,80,70,75,55,84
Cédric,79,RBRWB,3,4,H \ M,75,64,73,79,77,68
Guus Til,79,CAMCM,3,3,H \ H,73,79,74,76,64,78
Iddrisu Baba,79,"CDMCB,CM",2,4,M \ H,66,53,68,68,79,82
Pathé Ismaël Ciss,79,CBLB,2,4,M \ H,81,34,48,48,77,87
Moreno,79,CB,2,3,M \ M,58,51,66,64,80,74
Jonas Wind,79,STCF,3,3,H \ M,69,77,72,77,38,83
Jordan Lotomba,79,"RBRWB,LB",2,4,M \ M,83,51,69,77,75,70
Sebastiaan Bornauw,79,CB,2,3,M \ M,79,48,62,60,80,81
Óscar Duarte,79,CB,2,3,M \ M,47,50,57,58,80,80
Sh_ichi Gonda,79,GK,1,2,M \ M,79,75,73,83,52,79
Arthur Theate,79,CB,2,3,H \ M,76,43,54,57,79,83
Takumi Minamino,79,"CFRW,ST,LW",3,4,H \ M,82,78,73,85,41,66
Alexis Mac Allister,79,CAMCM,3,3,M \ M,72,80,81,78,58,64
Daniel-Kofi Kyereh,79,"CAMRM,ST",5,3,M \ M,85,76,70,84,27,65
Aaron Mooy,79,CMCAM,3,3,M \ M,65,74,81,77,71,78
Trincão,79,RWRM,4,2,M \ M,81,73,73,83,41,61
Christian Nørgaard,79,CDMCM,3,3,M \ H,60,62,72,72,79,81
Jae-Sung Lee,79,"CMCAM,CF",3,3,H \ M,71,66,78,84,59,64
Andreas Cornelius,79,STCF,2,3,M \ M,68,80,64,67,39,84
Jamie Maclaren,79,STCF,3,5,H \ M,85,79,67,77,42,80
Christian Fassnacht,79,"RMLM,RW",3,3,H \ M,85,73,73,78,39,74
Jesper Hansen,78,GK,1,3,M \ M,75,75,78,77,45,78
Beiranvand,78,GK,1,1,M \ M,80,72,75,79,45,78
Dylan Daniel Mahmoud Bronn,78,CBRB,2,3,M \ M,69,66,72,66,78,79
Hatanaka,78,CB,2,3,M \ M,55,42,61,65,76,81
Mario Gavranovi?,78,STCF,3,4,M \ M,67,79,64,77,42,71
Nemanja Radonji_,78,"LWLM,RW",3,4,H \ L,92,75,73,78,33,61
Dante Vanzeir,78,STCF,3,3,M \ M,89,78,70,77,39,76
Amir Abedzadeh,78,GK,1,2,M \ M,77,75,71,78,32,78
Tom Lockyer,78,CB,2,4,M \ H,73,42,60,67,76,85
Antonee Robinson,78,LBLWB,3,3,H \ M,91,50,65,77,72,76
Takefusa Kubo,78,"RMCAM,RW",4,4,M \ M,83,69,73,84,42,56
James Léa Siliki,78,CM,3,2,H \ M,74,68,77,79,75,77
Ado Onaiwu,78,STCF,3,3,H \ M,90,76,67,73,43,76
Dong Kyung Lee,78,CMCAM,4,5,M \ M,81,69,79,78,64,74
Osako,78,"STCAM,CF",3,4,M \ M,77,79,65,77,48,73
Ramírez,78,RBRWB,3,3,H \ H,91,66,69,77,71,70
Ryan Mmaee,78,STCF,3,3,H \ L,82,76,59,77,33,69
Anders Dreyer,78,"RWRM,ST",3,3,M \ M,82,76,73,81,39,67
Jackson Yueill,78,"CDMCB,CM",3,2,M \ H,65,67,75,74,72,79
Martin Erli?,78,CB,2,2,L \ M,68,37,52,56,78,77
de la Fuente,78,LWLM,3,4,M \ L,86,72,75,78,23,52
Abdullah Al Mayoof,78,GK,1,3,M \ M,68,79,83,80,38,77
Diego Palacios,78,LBLWB,3,2,H \ M,81,38,68,76,73,73
Philipp Köhn,78,GK,1,2,M \ M,80,70,73,80,52,74
Jaziri,78,STCF,3,3,M \ L,77,79,62,77,35,71
Youssef Maleh,78,CM,3,3,M \ H,73,70,78,80,69,71
Ivu?ic,78,GK,1,2,M \ M,76,75,71,76,46,74
Abel Ruiz Ortega,78,STCF,4,3,H \ M,78,78,69,79,41,71
Aguirre,78,"LBRB,LWB",3,3,M \ M,92,61,72,74,70,77
Christopher Antwi-Adjej,78,"LWLM,RW",3,3,M \ M,92,63,68,82,32,58
Sainsbury,78,CB,2,3,M \ M,69,62,60,59,79,80
Brian Ocampo,78,"RWRM,LW",4,3,M \ M,88,72,76,82,51,66
Bukari,78,"RMRW,ST",3,5,H \ M,92,69,68,82,43,67
Robert Skov,78,"RWLWB,RM",3,3,M \ M,82,81,80,76,67,71
Washington Corozo,78,LMLW,3,3,H \ M,92,73,67,80,37,82
Amadou Onana,78,CDMCM,3,4,M \ H,77,62,73,75,75,80
Gyasi Zardes,78,STCF,3,5,H \ H,89,76,58,74,49,81
Sang Ho Na,78,"LWLM,ST",3,4,H \ L,92,75,67,77,39,76
Alexander Domínguez,78,GK,1,3,M \ M,75,73,77,77,39,80
Devyne Rensch,78,"RBRWB,LB",3,5,M \ M,82,60,69,77,75,74
Shojaei,78,CAMRM,4,3,M \ L,69,72,79,83,35,63
Moro,78,CDMCM,3,5,H \ M,74,73,77,77,73,80
Yvan Neyou,78,CDMCM,2,3,M \ M,71,65,71,81,76,74
Stéphane Bahoken,78,STCF,3,3,M \ L,78,77,63,76,28,77
Sadegh Moharrami,78,"RBRWB,RM",3,2,H \ H,85,34,63,73,75,65
Azzedine Ounahi,78,CM,3,3,H \ H,64,67,75,77,67,73
Brenden Aaronson,78,CAMCM,3,3,H \ H,85,70,72,82,56,66
José Adoni Cifuentes Charcopa,78,CDMCM,3,4,M \ H,75,65,72,78,76,82
Fodé Ballo-Touré,78,LBLWB,3,2,H \ M,90,55,71,76,72,77
Janner Corozo,78,"LMRM,LW",4,4,H \ M,87,70,70,78,51,68
Rezaei,78,STCF,3,4,H \ H,74,77,70,73,33,77
Pierre Kunde Malong,78,CMCDM,3,4,M \ M,85,75,73,78,73,84
Randall Leal,78,"LMRM,LW",3,3,M \ M,76,71,75,79,43,55
Seny Dieng,78,GK,1,3,M \ M,75,73,75,80,44,74
Ezatolahi,78,CMLB,2,3,M \ M,74,65,74,75,74,83
Sultan Abdullah Salim Al Ghannam,78,RBRWB,3,4,H \ H,86,63,73,76,71,75
Cameron Carter-Vickers,78,CB,2,3,M \ H,78,29,58,67,78,85
Yamane,78,RBRWB,2,4,H \ M,82,65,69,70,73,78
Yamaguchi,78,CMCDM,3,3,M \ M,84,74,75,77,73,80
Robert Gumny,78,"RWBRB,CB,RM",2,2,H \ H,80,46,65,74,73,75
Reo Hatate,78,CM,2,3,H \ H,75,70,75,77,68,72
Tom Lawrence,78,"LWLM,CAM,ST",4,3,H \ L,79,79,74,77,46,74
Timothy Weah,78,"RMLM,RW,ST",3,3,H \ M,90,75,71,79,48,64
Andreas Maxsø,78,CB,2,4,M \ M,55,49,60,59,78,86
Facundo Pellistri,78,RMRW,3,3,H \ M,89,71,71,80,38,66
Ali Abdi,78,LWBLB,3,3,H \ H,92,65,71,76,67,80
Yassine Meriah,78,CB,2,2,L \ M,75,56,57,63,76,80
Mohammed Al Buraik,78,RBRWB,3,3,H \ M,84,63,76,76,71,73
Moustapha Name,78,"CDMCM,CAM",2,4,H \ H,74,68,75,76,71,81
Oyongo,78,LBLWB,3,2,H \ M,89,63,72,78,70,77
Samy Mmaee,78,CB,2,3,L \ M,69,38,54,63,77,82
Carlos Gruezo,78,CDMCM,2,3,L \ H,65,50,66,72,73,78
Will Vaulks,78,CDMCM,2,3,M \ H,60,70,71,72,75,84
Yasser Al Shahrani,78,"LBRB,LWB",3,5,H \ M,92,58,70,77,72,69
Bartosz Bereszy_ski,78,RBRWB,3,3,H \ M,89,60,68,74,72,78
Juan Cazares,78,CAM,3,3,M \ L,78,72,79,81,36,43
Abdulelah Al Amri,78,CB,2,3,H \ M,76,33,52,52,74,87
Ricardo Rodríguez,78,CB,3,3,M \ M,71,70,77,79,79,77
Zakaria Aboukhlal,78,"RWRM,LW",4,4,H \ M,92,74,69,80,35,68
Bo Kyung Kim,78,"CMRM,CAM",4,4,H \ M,81,71,77,80,65,73
Ulisses Garcia,78,"LBLWB,LM",3,3,H \ M,84,46,66,74,71,81
Gastón Olveira,78,GK,1,2,M \ M,78,80,58,76,24,74
Kannemann,78,CB,2,2,M \ H,72,39,47,59,79,85
Arkadiusz Reca,78,"LWBLB,LM",3,3,H \ M,83,61,70,75,72,71
Abdelhamid Sabiri,78,"CAMCM,LM",3,4,M \ M,65,74,74,82,60,69
Mark-Anthony Kaye,78,CMCDM,3,3,M \ H,77,59,72,77,73,81
Jordan Siebatcheu,78,STCF,3,3,M \ M,71,77,63,75,32,78
Moisés Isaac Caicedo Corozo,78,CM,3,3,H \ H,80,67,73,76,77,76
Bum Keun Song,78,GK,1,2,M \ M,77,73,72,79,31,74
Loris Benito,78,"LBCB,LWB",2,3,M \ M,75,57,70,71,74,83
Antonio ?olak,78,STCF,3,4,M \ M,76,78,59,72,38,81
Eiji Kawashima,78,GK,1,3,M \ M,77,76,76,76,47,76
Martin Hongla,78,CMCDM,4,3,M \ M,84,73,74,80,70,82
Chris Mepham,78,CB,2,3,M \ M,64,42,60,66,78,78
Angelo Smit Preciado Quiñónez,78,"LMRM,LW",3,3,H \ M,90,76,72,79,36,70
León,78,CB,2,3,M \ M,64,45,53,56,77,79
Reyes,78,"CBCDM,CM",2,4,M \ M,85,68,74,78,78,80
Ansarifard,78,STCF,3,4,H \ M,79,78,66,76,46,77
Harold Moukoudi,78,CB,2,3,M \ M,48,36,56,54,77,83
Borna Bari_i_,78,LBLWB,3,3,H \ M,75,65,77,75,75,79
Harry Souttar,78,CB,2,3,M \ H,44,32,54,63,78,81
Rojas,78,"LMRW,LW",4,3,H \ M,88,75,72,79,57,62
Riley McGree,78,CMCAM,3,3,H \ M,84,74,75,80,68,79
Michal Helik,78,CB,2,3,M \ M,68,54,52,59,76,82
Seung Ho Paik,78,CMCDM,4,5,M \ H,74,68,75,79,66,79
Takuma Asano,78,"RWRM,CAM,CF",3,4,H \ M,92,72,66,82,34,71
Nam,78,"RMCM,RW",3,3,M \ M,80,69,73,77,52,66
Mamadou Loum,78,CDMCM,2,2,M \ H,47,57,65,66,77,85
Ebrahimi,78,CDMCM,2,3,M \ M,61,59,77,71,74,72
dos Santos,78,CDMCM,3,4,M \ H,72,71,81,80,72,69
Bruno Fornaroli,78,STCF,4,5,H \ L,76,79,68,80,43,77
Jin Hyeon Kim,78,GK,1,3,M \ M,77,74,67,78,40,81
Abdul Rahman Baba,78,LBLWB,3,4,M \ M,82,61,70,75,73,76
Thomas Kaminski,78,GK,1,3,M \ M,77,80,73,79,50,72
Danny Vukovic,78,GK,1,2,M \ M,76,75,69,78,57,77
Tim Ream,78,CB,2,3,M \ M,61,49,73,75,78,75
Richard Ofori,78,GK,1,3,M \ M,78,75,80,77,45,79
Aïssa Bilal Laïdouni,78,CDMCM,3,2,M \ M,65,61,70,78,70,83
Dejagah,78,"RMLM,RW",3,4,M \ M,76,75,77,79,41,71
Samuel Piette,78,CDMCM,2,2,L \ H,59,41,63,68,77,85
Tomasz K_dziora,78,"RBRWB,CB",2,3,H \ M,81,49,69,68,76,78
Fernando Gaibor,78,"CAMCM,CF",3,3,M \ M,73,73,79,79,65,75
Gerardo Arteaga,78,LBLWB,4,3,H \ H,86,57,71,75,72,70
Mubarak Wakaso,78,CMLM,3,2,M \ M,86,73,74,77,73,86
Ben Cabango,78,CB,2,2,M \ M,71,34,48,55,78,80
Rados?aw Majecki,78,GK,1,3,M \ M,76,75,71,78,33,77
Kellyn Acosta,78,CMCDM,3,5,M \ M,81,71,77,77,70,82
Vanja Milinkovi_-Savi_,78,GK,1,3,M \ M,78,76,82,78,47,79
Al Haydos,78,"RWRM,CAM,LW",3,3,M \ H,84,70,73,80,38,50
Kamal Miller,78,CBLB,3,3,H \ H,84,31,64,70,76,86
Hatem,78,CMCDM,3,5,H \ M,67,73,77,74,67,75
Nawaf Al Abed,78,"CAMRW,LW",4,3,M \ L,60,77,78,79,51,60
In-Beom Hwang,78,CMCDM,4,5,M \ M,71,65,78,80,62,74
Mathias Jensen,78,CMCDM,3,4,M \ H,71,65,79,76,68,73
Jean-Charles Castelletto,78,CB,2,2,M \ M,72,33,54,65,79,79
Rhyan Grant,78,RBRWB,3,3,H \ M,80,65,70,73,71,83
Cáceres,78,"CBRB,RM",3,3,M \ H,73,55,66,73,78,79
Woo-Young Jung,78,CDMCM,2,3,L \ H,68,66,76,67,73,84
Edimilson Fernandes,78,CMCDM,2,4,M \ M,73,70,73,78,75,72
Jacob Bruun Larsen,78,"LWLM,ST",3,4,M \ M,90,75,74,78,59,70
Sasaki,78,CB,2,3,M \ H,80,43,69,72,78,76
Dion Lopy,78,CMCDM,2,3,M \ M,73,64,74,77,73,79
Luka Su_i_,78,"CAMRM,CM",3,3,M \ M,80,75,78,80,53,66
Chul Hong,78,LWBLB,3,3,H \ M,91,54,70,75,69,79
Benjamin Tetteh,78,STCF,3,2,H \ L,85,72,57,75,28,83
Ayase Ueda,78,STCF,2,3,M \ L,89,78,58,71,33,75
Cyle Larin,78,"STLM,CF,LW",3,4,H \ M,78,78,68,72,31,82
Inagaki,78,CDMCM,3,3,M \ M,77,72,73,75,72,82
Karol _widerski,78,STCF,3,3,H \ M,72,78,65,75,35,75
Pape Matar Sarr,78,CM,2,3,M \ M,73,68,74,78,71,71
Boudiaf,78,CMCDM,3,3,M \ M,57,66,76,74,71,80
Cheikh Ahmadou Bamba Mbacke Dieng,78,STCF,3,3,H \ M,84,79,63,75,36,66
Yunus Musah,78,"RMCM,LM,RW",4,3,H \ M,90,74,71,80,63,71
David von Ballmoos,78,GK,1,3,M \ M,79,79,77,78,53,77
Rodríguez,78,LBLWB,3,2,H \ M,75,61,67,74,75,70
Jonathan Osorio,78,"CMCDM,LM",3,5,H \ H,65,72,75,80,65,72
Marcus Ingvartsen,78,"STCAM,CF",3,4,M \ M,69,82,70,79,42,77
Kenny Dougall,78,CDMCM,3,4,M \ H,76,57,70,73,75,80
Bingourou Kamara,78,GK,1,3,M \ M,79,76,69,77,45,77
Nicola Zalewski,78,LMLW,3,4,M \ L,87,63,74,80,58,58
Shogo Taniguchi,78,CB,2,3,L \ H,69,49,64,66,80,78
Peter Vindahl Jensen,78,GK,1,3,M \ M,80,72,74,78,42,76
Torres,78,"RMCM,LM,RW",3,4,H \ M,78,68,75,76,50,67
Kieffer Roberto Francisco Moore,78,STCF,3,3,M \ M,75,75,60,72,50,85
Christian Benteke,78,STCF,2,2,M \ L,54,78,65,72,35,78
Jonas Lössl,78,GK,1,2,M \ M,78,78,74,77,42,75
Mihailo Risti_,78,LBLWB,3,3,H \ L,79,64,69,77,73,72
Milan Badelj,78,CDMCM,3,4,M \ M,54,67,77,75,75,79
Ngoran Suiru Fai Collins,78,RBRWB,3,4,H \ H,92,38,64,75,72,79
Jesus Ferreira,78,"CFCAM,ST",2,4,H \ M,85,77,73,78,47,69
Dodi Lukébakio,78,"RMRW,ST",4,3,M \ L,87,76,70,82,34,62
Aaron Long,78,CB,2,3,H \ M,83,43,58,67,75,87
Eray Cömert,78,CB,2,4,M \ M,80,54,63,61,75,82
Sebastian Lletget,78,"CMRM,CAM",4,5,H \ H,78,70,78,79,66,79
Paul Arriola,78,RMRW,3,3,H \ H,86,71,73,77,64,80
Milo_ Degenek,78,CB,2,4,H \ H,81,65,70,65,75,87
Almoez Ali,78,STCF,2,4,M \ M,81,79,56,69,27,74
Armel Bella Kotchap,78,CB,2,5,M \ M,85,29,54,56,79,81
Wayne Hennessey,78,GK,1,3,M \ M,80,78,80,75,43,78
Martin Boyle,78,"CFRM,CAM,ST",3,3,H \ M,94,76,66,79,51,72
Julio César Domínguez,78,CBRB,2,2,L \ M,68,45,64,66,76,81
Mikael Uhre,78,STCF,2,4,H \ M,92,77,55,74,37,82
Majeed Ashimeru,78,"CMCDM,CAM",3,3,M \ M,79,70,75,81,67,70
Selim Amallah,78,"CAMCM,LW",3,3,H \ M,73,80,77,79,67,79
Jacek Góralski,78,CDM,3,2,M \ H,73,50,70,72,74,84
Richie Laryea,78,"RWBRB,LB",4,4,H \ H,88,64,68,76,69,76
Damian Szyma_ski,78,CMCDM,3,3,H \ M,75,72,72,74,74,84
Seung-Gyu Kim,78,GK,1,2,M \ M,78,72,73,80,42,78
Pineida,78,"LBRB,LWB",3,3,H \ M,79,50,69,69,74,78
Ivo Grbi_,78,GK,1,3,M \ M,79,74,76,79,31,77
Aziz Eraltay Behich,78,LBLWB,3,4,H \ M,84,69,70,78,73,74
Jean Onana,78,CMCDM,3,3,M \ M,64,70,74,76,74,84
Ehsan Haji Safi,78,"LBLWB,CM,LM",3,3,H \ M,78,71,77,77,72,77
Joe Rodon,78,CB,2,4,M \ M,63,33,53,62,79,77
Joe Allen,78,CDMCM,3,2,M \ H,69,66,74,78,75,69
Tagnaouti,78,GK,1,2,M \ M,77,75,72,76,43,75
Kaoru Mitoma,78,"LMLWB,LW",4,3,M \ L,86,73,72,81,59,65
Hyeon Woo Jo,78,GK,1,3,M \ M,78,75,66,83,55,75
Terans,78,"CFCAM,ST",3,3,H \ M,87,79,73,78,35,65
Cameron Devlin,78,CMCDM,2,3,M \ H,77,61,72,78,74,81
Yukinari Sugawara,78,"RBRWB,RW",3,3,H \ H,86,56,75,76,70,75
Jun-Ho Son,78,CDMCM,3,3,M \ M,74,66,74,75,72,81
Fabian Frei,78,CBCDM,3,3,M \ H,61,73,75,75,78,79
Erik Palmer-Brown,78,CB,2,2,L \ H,71,35,57,59,75,83
Ali Gholizadeh,78,"RMLM,CAM,RW",4,3,M \ M,81,73,73,81,52,73
Kamil Grosicki,78,LMLW,3,3,H \ M,91,73,74,78,41,62
Dong Jun Lee,78,RMRW,4,5,H \ M,89,69,63,84,49,66
Mile _koric,78,CB,2,2,M \ M,60,46,52,54,79,81
Jens Stage,78,CMRM,3,3,H \ H,76,69,74,76,75,84
Sung Yun Gu,78,GK,1,2,M \ M,77,71,67,81,27,74
Lawrence Ati Zigi,78,GK,1,3,M \ M,81,70,70,82,46,74
Ronald Matarrita,78,"LBLWB,LM",3,2,M \ H,84,54,70,75,74,76
Alistair Johnston,78,"RMRWB,CB,RW",2,2,M \ H,86,58,72,75,74,80
Josip Stani_i_,78,"RBRWB,CB",2,4,M \ M,76,43,62,69,76,74
Mathew Leckie,78,"LMRM,LW",3,4,M \ M,88,71,70,78,58,80
Johan Vásquez,78,CBLB,2,2,M \ H,70,36,61,61,79,80
Esaka,78,"CAMCF,ST",4,4,H \ M,86,75,75,76,57,69
Won Sang Um,78,"RWRM,ST",4,4,H \ L,95,71,63,79,42,71
Adam Masina,78,"LWBLB,LM",3,3,M \ H,66,45,69,72,77,77
Ibarra,78,"RMLM,RW",3,4,H \ H,91,69,71,76,45,73
Vargas,78,CB,2,3,M \ M,64,28,48,53,77,79
Facundo Torres,78,"RMLM,RW",3,3,H \ M,86,75,75,78,42,58
Jin-Su Kim,78,LBLWB,3,3,M \ M,89,45,69,74,72,72
Milo? Veljkovi?,78,CB,2,3,M \ M,53,37,57,64,79,78
Bencharki,78,"LWLM,ST",4,3,H \ M,84,74,70,82,48,72
Sang Woo Kang,78,"LBLWB,LM",3,3,H \ M,87,68,74,74,70,68
Abdallah Sima,78,"RMRW,ST",3,4,H \ H,92,78,67,74,45,76
Garcés,78,STCF,3,3,M \ L,72,79,58,70,38,85
Mohamed Dräger,78,RWBRB,3,3,H \ H,88,70,69,77,71,69
Carlos Armando Gruezo Arboleda,78,CB,2,2,M \ M,78,40,58,64,80,78
Lucas Cavallini,78,STCF,3,5,H \ H,78,76,55,72,41,88
Jakub Kami_ski,78,LMLW,3,3,H \ M,92,71,68,78,52,62
Zniti,78,GK,1,4,M \ M,76,76,75,77,40,75
Tae Hwan Kim,78,RBRWB,3,3,H \ H,92,57,66,72,69,83
Kamil Glik,78,CB,2,2,L \ H,41,37,49,58,77,85
Emil Riis,78,STCF,3,4,H \ M,82,76,58,73,33,79
Tejeda,78,CMCDM,3,3,M \ M,69,68,73,76,71,77
Nouhou Tolo,78,"LBCB,LWB",3,2,M \ H,92,42,61,68,73,87
Adam Davies,78,GK,1,3,M \ M,78,74,72,78,46,77
Chris Richards,78,CB,2,4,M \ M,82,30,61,59,78,77
Martínez,78,"STRM,LM,CF",4,3,H \ L,91,75,68,78,36,73
Young-Gwon Kim,78,CB,2,3,M \ H,74,49,68,65,77,81
Felix Afena-Gyan,78,STCF,2,3,M \ M,92,77,63,76,45,69
Saîf-Eddine Khaoui,78,"CAMRM,CM",3,3,M \ L,68,75,78,79,52,65
Julian Araujo,78,"RBRWB,RM",2,2,H \ H,87,39,67,75,72,77
Davy Roef,78,GK,1,3,M \ M,79,78,76,77,55,77
Mathlouthi,78,RBRWB,2,3,H \ M,86,66,71,78,70,78
Diego Lainez,78,"RMCM,CAM,RW",4,3,H \ M,80,68,74,84,52,53
Famara Diédhiou,78,STCF,3,3,H \ H,69,76,54,73,37,81
Aymen Barkok,78,"CAMCM,CF",4,3,H \ M,81,70,73,83,59,69
Jonathan Mensah,78,CB,2,3,L \ H,66,50,60,59,76,85
Joseph Paintsil,78,"LWLM,RW,ST",3,3,H \ M,92,72,66,80,37,77
Boakye,78,STCF,3,3,M \ L,83,75,61,74,40,73
Karol Linetty,78,CMCF,3,3,H \ H,68,66,75,79,75,73
Nicolai Boilesen,78,CBLB,3,3,M \ M,71,53,71,74,78,79
David Junior Hoilett,78,"LMRM,LW",3,3,M \ M,87,76,74,80,42,68
Christian Mougang Bassogog,78,"STRM,CF,RW",4,2,H \ M,93,75,65,81,41,78
Matija Nastasic,78,CB,2,2,L \ H,66,39,65,59,78,78
Alireza Jahanbakhsh,78,RWRM,3,4,M \ M,82,77,73,79,47,73
Nourollahi,78,CMCDM,3,4,M \ M,72,74,74,75,72,76
Tyler Roberts,78,CAMCM,3,3,M \ M,79,75,73,81,44,76
Ali Alipour,78,STCF,3,4,H \ M,84,76,61,71,29,72
Neco Williams,78,RBRWB,2,3,H \ H,79,50,69,77,73,66
Reggie Cannon,78,"RWBRB,CB",2,3,H \ H,93,39,63,73,71,79
Sorba Thomas,78,"RWRWB,LWB,RM",3,3,H \ H,92,71,75,77,55,74
Rezaeian,78,"RBRWB,RM",3,3,H \ M,78,68,77,74,73,78
Woo Yeong Jeong,78,"CFCAM,ST",4,4,M \ M,87,68,70,82,40,68
Mateusz Klich,78,CMCDM,3,3,H \ H,69,74,78,76,69,76
Shaquell Moore,78,"RBRWB,RM",3,3,M \ H,92,63,66,75,67,81
Krystian Bielik,78,CDM,3,3,M \ H,64,50,69,73,76,79
Ben Mustapha,78,GK,1,2,M \ M,76,77,65,75,52,81
Kang-In Lee,78,"CAMRM,ST",4,3,M \ L,75,76,79,81,34,56
Jabrane,78,CDM,3,4,M \ M,67,62,71,74,73,80
Gianluca Busio,78,CMCDM,3,4,M \ M,72,70,75,80,66,67
Awer Mabil,78,"LWLM,RW",3,3,H \ L,92,71,70,78,40,65
Yari Verschaeren,78,"RMCAM,RW",4,3,H \ H,76,72,77,84,48,51
Ethan Ampadu,78,"CDMCB,CM",2,3,M \ H,69,53,68,74,77,75
Ciss,78,"LBLWB,LM",3,3,M \ M,84,65,68,74,72,84
Waston,78,CB,2,2,M \ H,52,34,52,49,76,87
Ryoya Ogawa,78,"LBRB,LWB",2,3,M \ H,86,61,68,71,71,83
Pedro Ortíz,78,GK,1,2,M \ M,79,75,73,79,30,75
Krépin Diatta,78,"RMLM,RW",4,4,H \ M,93,73,70,80,50,70
Tajon Buchanan,78,"RMCM,LM,RW",3,3,H \ M,94,67,65,79,59,68
Giovanni González,78,"RBRWB,RM",3,3,H \ M,78,47,65,70,73,76
Canobbio,78,"RMLM,RW",4,4,H \ M,87,72,74,77,54,70
Esteban Alvarado,78,GK,1,3,M \ M,79,71,73,80,57,73
Jérôme Onguéné,78,CB,2,3,M \ M,77,42,53,64,76,78
Sandro Lauper,78,"CBCDM,CM",2,3,M \ M,80,69,71,76,77,78
Iké Ugbo,78,STCF,2,3,H \ M,81,75,61,74,33,74
Shoji,78,CB,2,4,H \ H,85,46,58,63,76,82
Jens Jønsson,78,CDMCM,2,3,M \ M,71,59,71,70,78,78
Orbelín Pineda Alvarado,78,"RWRM,CM,LW",4,4,M \ L,79,75,78,80,56,72
Dario Melnjak,78,LBLWB,2,3,H \ M,76,72,69,75,73,74
Elisha Owusu,78,CDMCM,2,3,M \ M,72,57,70,77,74,76
Andy Yiadom,78,RBRWB,3,3,H \ H,85,57,65,75,73,82
Sebastian Szyma_ski,78,CAMLW,3,3,M \ M,87,70,78,80,41,52
Ao Tanaka,78,CDMCM,2,3,M \ M,72,71,74,76,74,75
Denis Odoi,78,"RBRWB,CDM",3,3,M \ H,78,57,72,78,73,76
Nor Afkan,78,LBLWB,2,4,M \ M,76,59,73,72,74,73
Abdul Mumin,78,CB,3,4,M \ H,84,42,64,68,76,81
Seck,78,CB,2,3,H \ H,80,53,60,63,74,89
Stefan Mitrovi_,78,CB,2,5,L \ H,35,37,57,57,78,85
Seung Hyun Jeong,78,CB,2,4,L \ H,48,33,56,48,76,86
Ethan Horvath,78,GK,1,3,M \ M,84,72,62,82,53,68
Kyung-Won Kwon,78,CB,2,2,L \ H,69,43,65,65,78,84
Sluga,78,GK,1,3,M \ M,75,74,77,78,58,76
Kamil Grabara,78,GK,1,3,M \ M,80,77,73,79,46,79
Atiba Hutchinson,78,CMCDM,2,3,M \ M,57,69,78,75,77,74
Munir Mohand Mohamedi,78,GK,1,3,M \ M,78,77,72,80,51,78
Ajdin Hrustic,78,"CMCDM,RM",3,2,M \ M,79,72,78,78,64,75
Maâloul,78,LBLWB,3,3,H \ M,81,73,75,78,71,70
Sada Thioub,78,"RMLM,RW",3,4,H \ M,84,76,73,76,55,77
Amiri,78,"LMCM,LW",3,3,H \ M,84,70,71,78,39,70
Tatsuhiro Sakamoto,78,"RMLM,CF,RW",3,3,H \ M,82,73,74,78,46,66
Taha Yassine Khenissi,78,STCF,3,4,H \ L,80,79,68,80,33,65
Nampalys Mendy,78,CDMCM,3,3,L \ H,63,57,73,79,77,70
Saad Bguir,78,"CAMRM,ST",3,3,M \ M,74,75,76,80,37,68
Genki Haraguchi,78,CAMCM,4,4,H \ H,80,69,74,82,47,56
Hernán Ismael Galíndez,78,GK,1,2,M \ M,78,75,72,78,36,82
Maya Yoshida,78,CB,2,4,M \ H,57,45,55,68,79,75
Koji Miyoshi,78,"RWRM,CAM,CF",4,3,H \ H,82,73,75,82,51,58
Angulo,78,"CBLB,LWB",2,3,M \ M,84,45,67,75,78,81
Orozco,78,GK,1,3,M \ M,73,77,83,74,63,80
Wakizaka,78,CM,2,3,H \ M,68,72,80,77,59,68
Khoukhi,78,CBCDM,2,3,H \ M,68,65,62,60,76,83
Ilias Chair,78,CAM,3,2,H \ M,81,72,74,79,36,53
Luis Rodríguez,78,RBRWB,3,3,H \ H,84,71,76,78,72,83
Filip Uremovic,78,CB,2,3,M \ M,65,36,53,59,77,78
Ayoub El Kaabi,78,"STCF,RW,LW",3,2,M \ L,79,78,64,76,39,71
Daizen Maeda,78,"LWLM,ST",3,3,H \ H,94,78,66,75,49,73
Sam Adekugbe,78,LBLWB,3,2,H \ H,92,56,67,76,69,83
Marin Pongra_i_,78,CB,2,3,M \ M,72,29,55,67,78,80
Jackson Irvine,78,CM,3,3,M \ M,72,73,75,74,73,83
Christopher Ikonomidis,78,"RMLM,RW,ST",3,4,H \ M,85,74,73,77,57,72
Álvarez Martínez,78,STCF,2,3,H \ L,75,77,65,73,40,73
Ignatius Ganago,78,STCF,3,3,H \ M,86,78,63,78,38,72
Spajic,78,CB,2,3,M \ H,63,44,57,68,78,82
Sean Johnson,78,GK,1,2,M \ M,78,72,74,81,46,75
Gideon Mensah,78,LBLWB,3,2,M \ M,84,62,69,78,71,75
Zinho Vanheusden,78,CB,2,3,M \ M,60,49,65,70,78,80
Moumi Ngamaleu,78,"LMRM,LW",3,3,M \ M,93,74,69,79,37,77
Moreira,78,GK,1,3,M \ M,78,74,75,75,44,79
Hassan Mohammed Al-Tambakti,78,"LWBCB,LB",2,3,H \ H,81,73,71,71,72,84
Siebe Van der Heyden,78,CB,2,3,M \ H,67,39,62,59,78,79
Oliver Christensen,78,GK,1,2,M \ M,81,74,66,78,43,78
Mohammadi,78,STCF,4,5,H \ L,91,78,71,80,38,66
Milad Mohammadi,78,"LBLWB,LM",3,4,M \ M,89,63,71,77,71,76
Jordan Morris,78,"LMRM,ST,LW",3,2,H \ M,89,73,72,76,42,83
Dayne St. Clair,78,GK,1,3,M \ M,77,72,61,82,32,76
Saud Abdullah Abdul Hamid,78,"RBRWB,CB,CDM",2,3,H \ M,92,49,64,74,70,76
Maxime Crépeau,78,GK,1,2,M \ M,76,76,73,81,52,78
Luca de la Torre,78,"CMCDM,LM",3,3,M \ M,71,61,76,80,64,67
Dong Joon Kim,78,GK,1,3,M \ M,78,75,71,80,49,75
Josh Risdon,78,RBRWB,3,3,H \ M,80,53,65,71,74,85
Caleb Ekuban,78,"STRM,CF",3,3,M \ M,92,73,69,76,32,86
Bolaños,77,"RMLM,CAM,RW",3,4,H \ L,72,73,76,80,42,68
Taggart,77,STCF,3,3,H \ M,90,75,68,77,44,76
Ben Woodburn,77,"LMCM,LW",3,4,H \ M,84,72,71,78,31,60
Jorge Pinos,77,GK,1,2,M \ M,75,75,74,76,39,73
Alaaeldin,77,"STCF,RW",3,5,M \ L,91,71,55,75,34,70
Hamdan Al Shamrani,77,"LBCB,LWB",2,2,H \ H,92,61,62,71,68,83
James Pantemis,77,GK,1,1,M \ M,73,73,61,76,45,76
Kwasi Wriedt,77,STCF,3,4,H \ L,73,75,64,71,37,83
Guillermo De Amores,77,GK,1,3,M \ M,74,73,77,81,31,74
Jeando Fuchs,77,CMCDM,2,3,M \ H,85,62,70,77,74,85
Rubin Colwill,77,"CAMRW,LW",2,3,M \ M,79,74,72,76,50,75
Perlaza,77,"RBRWB,RM",3,3,H \ M,90,51,68,75,68,77
Zeno Debast,77,CBCDM,2,4,M \ M,70,35,60,66,73,81
Suzuki,77,STCF,3,3,M \ M,84,75,66,74,32,72
Fawaz Al Qarni,77,GK,1,3,M \ M,76,70,69,78,52,74
Dan Ndoye,77,"RMRW,ST",3,3,M \ H,86,71,70,78,40,67
Joseph Lopy,77,CDMCB,2,3,H \ M,77,69,68,72,72,85
Luis Díaz,77,RMRW,3,3,H \ M,93,68,71,78,38,70
Barsham,77,GK,1,3,M \ M,75,70,63,79,62,75
Abdullah Mohammed Madu,77,CB,2,3,L \ M,51,33,52,48,75,84
Al Rubaie,77,GK,1,2,M \ M,77,68,70,78,46,75
Wellington Ramírez,77,GK,1,2,M \ M,78,73,70,78,40,73
Joel King,77,LBLWB,2,3,M \ M,81,39,63,70,72,81
Rhys Norrington-Davies,77,LWBLB,2,2,H \ M,82,50,64,70,72,75
Anis Ben Slimane,77,CAMCM,4,4,M \ M,74,66,71,78,64,80
Ki Je Lee,77,LWBLB,3,2,H \ M,81,63,71,72,69,79
Abdul Fatawu Issahaku,77,CAM,4,4,H \ M,88,77,72,82,43,59
Aurélien Dawa,77,CB,2,2,L \ M,74,41,53,54,74,87
Moataz Zemzemi,77,CAM,3,3,M \ L,79,75,74,79,59,73
James Lawrence,77,CB,2,3,H \ M,64,36,68,64,76,79
Omar Hawsawi,77,CB,2,2,L \ H,57,38,52,56,72,86
Muntari,77,STCF,3,4,M \ M,72,76,56,69,35,78
Abdul Manaf Nurudeen,77,GK,1,3,M \ M,82,66,67,85,30,76
Sami Al Najai,77,CAMRM,3,4,M \ M,80,72,71,77,63,69
Al Rawi,77,CB,2,3,M \ M,80,54,67,72,74,81
Rafia,77,"RWRM,LW",3,3,H \ M,72,74,75,79,38,66
Ghandri,77,CB,2,2,M \ M,45,45,61,55,75,87
Issam Jebali,77,"STCAM,CF",4,3,M \ M,79,73,70,80,46,79
Ben Youssef,77,"RWRM,LW",3,3,H \ L,84,77,70,75,41,82
Allahyar Sayyadmanesh,77,"STRM,LM,CF",3,4,H \ M,92,76,64,78,44,81
Mary,77,STCF,2,3,M \ L,71,72,60,71,29,77
Callum Elder,77,"LWBCB,LB",2,2,M \ M,77,49,68,70,72,76
Abdullah Al Khaibari,77,CDMCM,2,3,M \ H,71,51,68,72,74,78
Cedric Itten,77,"STCAM,CF",3,3,H \ M,74,77,66,72,42,81
Beder Caicedo,77,"LBLWB,LM",3,2,H \ M,89,54,65,70,71,76
Andrew Redmayne,77,GK,1,2,M \ M,74,74,72,75,50,75
Matsubara,77,RBRWB,3,3,H \ M,80,61,69,74,71,81
Mateusz Wieteska,77,CB,2,3,M \ M,69,40,53,57,75,82
Alex Wilkinson,77,CB,2,3,M \ H,38,51,60,57,76,83
Jemal,77,GK,1,2,M \ M,75,76,72,72,30,77
Nishikawa,77,GK,1,3,M \ M,75,74,79,79,49,76
Deng,77,CB,2,3,M \ H,85,51,58,65,75,79
Daniel Arzani,77,LWLM,4,3,M \ M,88,69,70,78,40,48
Samuel Yves Oum Gwet,77,CDMCM,2,3,M \ H,63,60,72,73,72,84
Robson-Kanu,77,STCF,3,3,H \ M,75,77,68,77,43,80
Albian Ajeti,77,STCF,3,3,M \ L,78,76,61,73,34,74
Hosseinzadeh,77,"CAMRM,LM",3,3,M \ M,79,75,71,80,49,74
Ziyad Al Sahafi,77,CB,2,2,L \ H,54,66,63,62,73,84
Kim Gun Hee,77,"STCF,RW",3,5,H \ L,84,72,62,76,45,84
Gaku Shibasaki,77,CDMCM,3,3,H \ M,75,67,75,78,73,73
Nicholas D'Agostino,77,STCF,2,4,H \ L,91,71,66,77,43,84
Olivier Mbaizo,77,RBRWB,2,2,H \ M,89,44,65,77,69,74
Strahinja Pavlovi_,77,CB,2,3,M \ M,66,49,56,68,75,82
Majid Hosseini,77,CBCDM,2,3,L \ H,72,37,53,59,78,77
Sam Vines,77,LBLWB,2,2,H \ H,84,39,63,70,73,76
Kento Hashimoto,77,CAMCM,3,2,M \ M,81,72,72,75,74,82
Joo Ho Park,77,CMCDM,3,3,M \ H,73,57,76,74,74,80
Abdullah Ateef,77,CDMCM,2,3,L \ M,36,53,81,72,73,58
Ángelo Preciado,77,"RBRWB,RM",3,3,M \ M,91,65,65,76,70,69
Mark McKenzie,77,CB,2,5,M \ M,84,42,54,66,78,77
Christensen,77,GK,1,2,M \ M,74,77,74,73,25,77
Naderi,77,"LBCB,LWB,LM",2,2,H \ M,87,36,65,72,70,83
Yong Lee,77,"RBRWB,CB",2,3,M \ H,77,60,71,71,72,78
Oussama Haddadi,77,CBLB,2,3,H \ M,81,49,68,71,75,83
Yahia Al Shehri,77,"RWRM,CAM,LW",4,2,M \ L,68,70,78,77,42,49
Venegas,77,"LMRM,CAM,LW",3,3,M \ M,79,75,73,77,49,75
Petkovic,77,"RWBRB,RM",3,3,M \ H,80,55,68,76,73,77
Moya,77,STCF,2,3,M \ M,74,74,62,70,49,76
Jason Cummings,77,STCF,3,3,M \ M,79,76,63,74,44,74
Salman,77,CBLWB,2,4,M \ M,83,42,66,68,74,80
Francisco Calvo,77,CB,2,3,H \ M,71,50,66,71,73,86
Mohammed Khalil Al Owais,77,GK,1,2,M \ M,81,71,61,79,52,73
Josh Sheehan,77,CMCDM,3,3,M \ M,85,63,70,77,69,78
Sepúlveda,77,CB,2,3,L \ H,75,42,54,58,76,78
Rukavytsya,77,STCF,3,3,M \ L,92,77,65,77,41,71
Ji Soo Park,77,CB,2,3,M \ M,78,55,62,67,76,82
Kye Rowles,77,CB,2,3,M \ M,75,32,53,53,77,83
Ju,77,CMCDM,3,4,M \ M,70,61,78,73,69,77
Al Sheeb,77,GK,1,3,M \ M,79,73,75,73,55,74
Mohammed Al Kuwaykibi,77,RMRW,4,3,H \ M,91,73,71,79,33,60
Joseff Morrell,77,CMCDM,3,4,M \ M,80,55,75,81,63,61
Daiki Hashioka,77,"RWBRB,RM",3,3,M \ H,80,65,70,71,70,82
Scott Kennedy,77,CB,2,3,M \ H,85,35,51,55,76,79
DeAndre Yedlin,77,RBRWB,2,2,H \ M,92,57,62,72,71,77
Abdulelah Al Malki,77,CDMCM,2,3,M \ M,75,64,70,72,73,81
Guzmán,77,CDMCM,3,3,M \ H,62,66,72,73,73,80
Dimitri Petratos,77,"CAMLM,ST",3,4,M \ L,77,74,74,77,55,79
Sofiane Alakouch,77,RWBRB,3,3,H \ M,80,50,69,73,72,70
Gaël Ondoua,77,CDM,2,3,H \ H,78,53,70,69,72,83
Souffian El Karouani,77,LBLWB,2,2,H \ M,87,49,68,74,70,74
Braydon Manu,77,"RMLM,RW",4,4,H \ M,94,67,64,80,41,69
C. Deus Correia,77,"RWBRB,CB",2,3,M \ M,81,44,66,68,72,83
Ortiz,77,STCF,3,4,H \ L,81,76,66,74,32,70
Alan Steven Franco Palma,77,CMRM,3,3,M \ M,85,66,68,78,68,76
Yazdani,77,CB,2,4,M \ M,70,38,50,48,78,77
Joel Waterman,77,CB,2,2,M \ H,53,40,60,62,75,82
Soni,77,CAMST,3,3,M \ M,86,70,69,80,53,76
Connor Metcalfe,77,CMCDM,2,4,H \ M,73,67,74,76,67,85
Saman Ghoddos,77,"CAMST,LW",4,3,M \ M,69,79,76,76,59,73
Piquerez,77,"LBLWB,CM,LM",2,3,H \ M,88,70,76,79,64,79
Ali Albulayhi,77,CB,2,2,M \ H,55,45,46,52,74,86
Dylan Levitt,77,CDMCM,3,4,M \ M,73,71,77,78,67,72
Filip Mladenovi_,77,"LBLWB,LM",3,3,H \ M,92,69,73,74,68,68
Chibi,77,RBRWB,3,3,H \ M,83,60,70,74,69,63
Yaw Yeboah,77,"RMCF,RW",3,3,H \ M,93,72,66,81,32,60
Ifa,77,CB,2,2,M \ H,69,38,60,52,79,79
Pizarro,77,"CAMCM,LM",3,4,M \ L,82,72,72,78,56,73
Hassan Tombakti,77,CB,2,3,M \ H,86,33,43,48,74,85
Fraser,77,"CDMCB,CM",2,3,M \ H,68,43,71,68,71,82
Aleksa Terzic,77,LBLWB,2,2,M \ M,76,49,64,75,73,68
Kheder,77,"RWBRB,CB",2,3,M \ M,91,48,64,74,71,65
Yuta Nakayama,77,"CBLB,CDM",2,3,M \ M,81,55,67,73,74,81
González,77,CB,2,3,L \ M,64,53,56,67,74,82
Waad,77,"CDMCB,LWB",2,3,H \ M,79,65,69,70,74,81
Bennette,77,LMLW,3,3,M \ M,79,64,71,77,35,60
Niazmand,77,GK,1,2,M \ M,77,74,72,76,36,77
Abdulrahman Al Obaid,77,LBLWB,2,3,H \ H,86,68,73,76,66,77
Tymoteusz Puchacz,77,"LWBLB,LM",2,2,H \ M,92,70,66,75,69,83
Svilar,77,GK,1,3,M \ M,79,72,69,78,63,73
Jean-Claude Billong,77,CB,2,2,L \ H,52,41,54,52,76,86
James Sands,77,CBCDM,2,3,M \ H,57,57,66,72,77,80
Gue-Sung Cho,77,"STCF,LW",2,3,H \ M,88,75,57,73,34,83
Abdulrahman Al Obud,77,"LMRM,LW",3,2,H \ M,92,71,65,79,51,65
Andreas Evald Cornelius,77,CB,2,2,M \ H,66,38,50,53,72,87
Djoum,77,CMCDM,3,3,M \ M,74,68,72,77,66,78
Mehdipour,77,CM,2,4,M \ M,73,61,70,70,74,81
Christian Cruz,77,LBLWB,2,3,H \ M,89,69,72,73,71,77
Hassen,77,GK,1,2,M \ M,78,72,69,83,56,69
Ben Said,77,GK,1,2,M \ M,81,71,66,76,39,77
Abdulaziz Al Bishi,77,"RMLM,RW",3,2,H \ L,93,66,69,79,34,72
Jong Gyu Yoon,77,"RBRWB,RM",2,3,M \ H,89,47,66,72,71,71
Theo Corbeanu,77,"RWRM,LW",3,5,H \ M,92,67,71,78,56,71
Julio,77,"LMCAM,LW",3,3,M \ H,90,73,71,75,59,73
Pouraliganji,77,CBCDM,3,3,L \ M,77,63,67,75,76,80
Nakatani,77,CB,2,3,M \ H,82,36,50,57,76,80
Matthew Hoppe,77,STCF,3,4,M \ M,82,76,63,74,30,65
Gianni Stensness,77,CBCDM,2,3,M \ M,67,49,61,66,73,87
Muteb Al Harbi,77,LBLWB,2,3,H \ M,92,58,69,77,68,69
Gajic,77,"RMRB,RW",3,2,M \ H,76,67,73,76,74,77
Du Jae Won,77,"CDMCB,CM",2,3,M \ H,69,57,68,66,74,84
El Amloud,77,RBRWB,2,2,M \ M,82,61,65,70,71,75
Michael Carcelén,77,CMCDM,2,3,M \ M,76,65,71,74,71,81
Steven de Sousa Vitoria,77,CB,2,3,L \ H,41,61,60,55,76,83
Nasser Al Dawsari,77,"LBLWB,CDM,CM",3,3,M \ M,83,67,77,77,69,69
Leonardo Campana,77,STCF,3,4,H \ M,75,77,55,73,36,72
Lawrence Thomas,77,GK,1,2,M \ M,77,75,77,75,41,74
Araújo Ferreira,77,CB,2,2,L \ M,58,44,53,59,78,67
Torabi,77,LWLM,3,3,H \ M,86,73,63,74,40,65
Romario Caicedo,77,"RBRWB,RM,RW",3,3,H \ M,85,55,71,72,70,80
Mohamed Daramy,77,"LMRM,LW",4,3,M \ M,92,66,67,80,31,76
Madibo,77,CDMCM,2,2,M \ H,86,46,62,70,74,83
Fran Karacic,77,RBRWB,2,3,M \ M,88,52,68,73,69,81
Chaaleli,77,CM,3,3,M \ M,75,77,77,82,48,69
Denis Genreau,77,CMCAM,3,3,H \ M,74,65,74,73,70,75
Ali Lajami,77,CBLB,2,4,M \ H,84,56,63,68,74,81
Montassar Omar Talbi,77,CB,2,3,M \ M,68,38,49,62,76,80
Kacper Kozlowski,77,CAMCM,4,4,H \ M,81,66,70,83,66,74
Josh Sargent,77,"RMRW,ST",3,4,H \ H,81,76,70,75,53,84
Ahmed,77,LWBLB,2,4,M \ M,82,52,66,69,71,76
Mark Harris,77,"STCF,LW",2,4,H \ H,92,72,68,78,48,77
Pione Sisto,77,LWLM,3,4,H \ M,79,75,74,80,60,70
Michael Steveen Estrada Martínez,77,STCF,3,3,H \ L,84,70,57,74,31,80
Mohebi,77,"LWLM,ST",3,3,M \ M,85,76,67,79,42,72
Cédric Zesiger,77,CB,2,3,L \ M,69,38,53,53,77,84
Jeremy Leonel Sarmiento Morante,77,"RMLM,RW",3,3,M \ M,89,71,71,76,37,60
David Wotherspoon,77,CMLW,3,5,H \ M,74,71,78,80,65,75
Kastriot Imeri,77,"CMCAM,LW",3,3,M \ M,83,76,76,82,64,75
Erick Ferigra,77,CB,2,2,L \ M,78,41,56,64,76,79
Moon-Hwan Kim,77,RBRWB,3,3,H \ H,92,61,68,78,68,68
Seung Beom Ko,77,"CMCDM,CAM",3,3,H \ H,80,68,73,78,68,82
Hardani,77,RBRWB,2,3,M \ M,83,46,59,72,70,62
Dixon Arroyo,77,CDMCM,3,3,M \ H,66,40,66,67,78,76
Djorkaeff Neicer Reasco González,77,STCF,3,3,H \ L,86,73,63,75,42,84
Min Kyu Song,77,"LWLM,RW",4,4,H \ M,87,73,66,78,35,78
Ben Folami,77,LMLW,3,4,H \ M,88,68,66,79,34,72
Liam Millar,77,LMLW,3,3,H \ M,91,71,68,78,30,66
Jin Gyu Kim,77,CMCAM,3,3,H \ H,84,68,73,78,43,74
George Bello,77,"LWBLB,LM",3,3,M \ M,89,53,63,79,70,69
Firas Tariq Nasser Al Albirakan,77,STCF,3,3,M \ L,81,72,54,73,32,74
Krsticic,77,CMCDM,3,4,M \ M,80,69,75,77,74,77
Mazaheri,77,GK,1,2,M \ M,77,73,73,76,32,78
Sofian Chakla,77,CB,2,3,M \ M,58,39,57,59,76,75
José Carabalí,77,"LBLWB,CM,LW",3,3,H \ L,93,64,67,76,68,75
Bailey Wright,77,CB,2,3,M \ H,60,45,58,60,75,83
Sebastían Méndez,77,CDMCM,3,3,M \ M,74,63,71,71,72,75
Moisés Corozo,77,CB,2,2,M \ M,75,64,74,70,74,82
Xavier Arreaga,77,CB,2,4,M \ M,65,35,56,64,76,81
Contreras,77,"STRM,CF",3,3,M \ L,71,79,50,75,30,60
Anzai,77,"LBRB,LWB",3,5,H \ M,92,58,71,72,67,65
Kosuke Nakamura,77,GK,1,3,M \ M,79,70,76,79,47,72
Jordy Alcívar,77,"CMRM,LM",2,3,M \ M,75,72,76,73,67,78
Sei Muroya,77,RBRWB,2,4,H \ H,92,63,64,75,67,77
Ricardo Pepi,77,STCF,3,3,H \ M,78,74,60,74,43,70
Zachary Brault-Guillard,77,"RMRWB,RB,RW",2,2,H \ M,93,62,66,73,68,76
Abdulfatah Aseri,77,"RMCAM,RW",4,3,H \ M,87,70,69,83,36,53
Hattan Bahebri,77,LWLM,4,5,H \ L,84,76,68,80,52,74
Doneil Henry,77,CB,2,2,M \ H,76,44,58,55,71,89
Ahmed Sharahili,77,CB,2,2,M \ H,81,35,59,66,75,85
Ghareeb,77,"LMRM,LW",3,3,M \ M,92,68,66,80,32,62
Nathaniel Atkinson,77,RWBRB,3,4,H \ H,86,60,68,78,68,82
Marco Tilio,77,"LMRM,CAM,LW",3,4,M \ M,92,69,70,78,48,63
Mortadha Ben Ouanes,77,"RMLB,LM,RW",2,3,M \ M,81,68,75,76,72,72
Naomichi Ueda,77,CB,2,2,M \ M,55,38,58,61,76,79
Cristian Gutiérrez,77,"LBLWB,LM",2,2,H \ M,85,51,71,73,72,78
Khalid Al Ghannam,77,"LMRM,LW",4,3,H \ L,86,63,64,84,38,55
Saleh Khalid Al Shehri,77,STCF,2,3,M \ M,72,74,56,71,35,81
Hayao Kawabe,77,"CMCDM,CAM",3,3,M \ M,85,73,73,77,72,77
Daniel Schmidt,77,GK,1,4,M \ M,78,73,76,80,23,72
Jojo Wollacott,77,GK,1,2,M \ M,76,73,72,75,50,74
Jackson Gabriel Porozo Vernaza,77,CB,2,2,L \ H,70,38,43,48,77,82
Manfred Ugalde,77,STCF,3,3,H \ M,88,76,61,77,36,58
Matt Smith,77,CM,3,2,L \ M,80,64,75,77,68,78
Franklin Guerra,77,CB,2,2,L \ M,70,49,57,67,76,80
Andi Zeqiri,77,STCF,3,4,H \ L,72,75,67,80,30,76
Tchamba,77,CB,2,2,M \ M,81,44,54,63,75,84
James Jeggo,77,CDMCM,3,2,M \ H,75,68,71,73,71,78
Ali Al Hassan,77,CDMCM,2,3,M \ M,75,59,69,73,70,80
Young Bin Kim,77,CBLB,2,4,L \ H,75,35,55,53,76,85
Kamil Jó?wiak,77,"RMLM,RW",3,3,M \ L,93,62,67,79,48,69
Young Wook Cho,77,"STCM,CF,RW",4,3,H \ M,92,76,64,79,36,75
Ben Romdhane,77,CM,3,3,H \ M,72,72,74,76,68,77
Owusu,77,"RMLM,RW",3,3,H \ L,95,68,67,80,42,59
Emmanuel Lomotey,77,"CBCDM,CM",2,2,M \ M,74,56,63,67,74,88
Mohammad,77,"RWBRB,RW",3,3,M \ L,92,69,70,76,67,70
Mitchell Thomas Duke,77,STCF,3,3,H \ H,88,76,69,76,59,86
Chang Hoon Kwon,77,RWRM,3,3,H \ M,75,73,74,79,57,63
Wajdi Kechrida,77,"RWBRB,RM",2,2,H \ M,77,43,59,72,74,67
Sturing,76,CB,2,3,L \ M,72,41,56,55,75,74
Khubrani,76,CBRB,2,3,M \ M,63,34,48,55,74,82
Zaid Al Bawardi,76,GK,1,3,M \ M,78,73,75,74,38,73
Jacob Shaffelburg,76,"LMLB,LW",2,2,H \ M,92,67,69,72,62,69
Ghayedi,76,LWLM,2,3,M \ M,87,70,62,76,32,66
Faraji,76,CB,2,3,M \ H,69,50,56,54,77,73
Abdurisag,76,"RWRM,LW",3,3,M \ M,92,63,66,77,41,60
Ali Karimi,76,CAM,2,3,H \ M,69,71,72,76,60,72
Montazeri,76,CB,2,3,M \ H,64,27,42,48,77,77
Leutwiler,76,GK,1,2,M \ M,72,71,72,73,58,78
Abdullah Al Owayshir,76,GK,1,3,M \ M,79,69,71,76,49,67
Gholami,76,CB,2,3,M \ H,71,38,53,56,76,74
Ibrahim,76,"RWRM,LW",3,3,M \ M,92,68,61,78,42,66
Tom King,76,GK,1,3,M \ M,75,74,70,75,51,73
Ismael Koné,76,CM,3,4,H \ M,85,65,68,77,62,77
Carlos Martínez,76,"RBRWB,CM",2,3,M \ M,76,37,58,65,74,64
Apostolos Giannou,76,STCF,3,4,H \ M,68,73,61,71,44,83
Hannibal Mejbri,76,CAMCM,3,3,H \ M,80,62,74,77,61,68
Al Asmari,76,CMCDM,2,3,M \ M,78,66,70,74,67,81
Aghasi,76,CB,2,3,M \ M,71,42,53,59,76,74
Allan Cruz,76,CMCDM,3,3,H \ H,78,70,68,79,71,80
Ariel Lassiter,76,"RMLM,RW,ST",3,5,H \ L,91,74,66,75,35,61
Omossola,76,GK,1,2,M \ M,75,71,70,77,40,71
Brym,76,"STRM,CF",2,3,M \ M,81,73,62,75,37,72
Al Hajri,76,CDMCB,2,3,M \ M,68,47,65,66,74,78
Attah,76,GK,1,2,M \ M,75,72,79,75,32,74
Jayden Nelson,76,"LMRM,LW",4,4,M \ M,91,71,63,84,56,55
Ayman Yahya,76,"RMLM,RW",3,3,H \ H,92,67,65,76,43,65
Min Gyu Park,76,LBLWB,2,3,H \ M,85,36,57,55,68,83
Lee,76,CB,2,3,M \ M,70,43,58,55,74,78
Abdullah Al Shamekh,76,"LBRB,LWB",2,3,M \ M,86,49,65,72,69,75
Al Abdulrahman,76,LWBLB,3,3,M \ M,88,44,63,79,68,62
Salmani,76,LWLM,2,2,M \ M,84,64,68,78,42,56
Khaled Al Samiri,76,CMCDM,3,3,M \ M,71,59,74,79,71,70
Nikolic,76,GK,1,5,M \ M,75,74,72,76,31,74
Bryan Oviedo,76,LBLWB,3,3,H \ M,77,66,71,75,70,71
Hussain Salem,76,LBLWB,2,3,M \ M,86,38,63,71,69,82
Suhail,76,CBRWB,2,3,M \ M,82,55,62,63,72,84
Chris Gunter,76,"RWBRB,CB",2,4,M \ H,75,57,66,71,73,78
Jonathan Williams,76,CM,3,3,H \ L,76,69,74,79,64,59
Abdullah Al Hamdan,76,"CFST,LW",2,4,H \ M,85,72,68,72,45,77
Niknafs,76,CDM,2,4,M \ H,73,50,66,66,72,81
Hosseini,76,GK,1,2,M \ M,76,75,78,76,38,78
Sebastian Tounekti,76,LWLM,3,3,M \ M,89,67,67,78,38,61
Sang Bin Jung,76,STCF,4,3,H \ H,92,70,65,77,33,75
Hashim Ali,76,"RWRM,LW",3,2,M \ M,92,65,64,77,41,54
Ameen Bukhari,76,GK,1,3,M \ M,77,68,68,73,58,71
Ali Afif,76,LWBLB,2,3,M \ M,86,73,69,75,69,75
CJ dos Santos,75,GK,1,2,M \ M,71,71,71,71,44,71
Fernán Faerron,75,CBRWB,2,3,M \ M,79,51,62,70,71,79
Nawaf Al Aqidi,75,GK,1,3,M \ M,76,73,70,65,44,72
Haroune Camara,75,STCF,2,3,H \ L,87,71,61,71,34,79
Federico Santiago Valverde Dipetta,75,LMLW,2,3,H \ M,92,70,65,73,38,56